index,image_path,location,location_normalized,year,taluk_norm,locality_norm
0,F:\images\2014\Alandur_Adambakkam.png,Alandur_Adambakkam,alandur adambakkam,2014,alandur,adambakkam
1,F:\images\2020\Alandur_Adambakkam.png,Alandur_Adambakkam,alandur adambakkam,2020,alandur,adambakkam
2,F:\images\2021\Alandur_Adambakkam.png,Alandur_Adambakkam,alandur adambakkam,2021,alandur,adambakkam
3,F:\images\2022\Alandur_Adambakkam.png,Alandur_Adambakkam,alandur adambakkam,2022,alandur,adambakkam
4,F:\images\2024\Alandur_Adambakkam.png,Alandur_Adambakkam,alandur adambakkam,2024,alandur,adambakkam
5,F:\images\2014\Alandur_Alandur.png,Alandur_Alandur,alandur alandur,2014,alandur,alandur
6,F:\images\2020\Alandur_Alandur.png,Alandur_Alandur,alandur alandur,2020,alandur,alandur
7,F:\images\2021\Alandur_Alandur.png,Alandur_Alandur,alandur alandur,2021,alandur,alandur
8,F:\images\2022\Alandur_Alandur.png,Alandur_Alandur,alandur alandur,2022,alandur,alandur
9,F:\images\2024\Alandur_Alandur.png,Alandur_Alandur,alandur alandur,2024,alandur,alandur
10,F:\images\2014\Alandur_Madanandapuram.png,Alandur_Madanandapuram,alandur madanandapuram,2014,alandur,madanandapuram
11,F:\images\2020\Alandur_Madanandapuram.png,Alandur_Madanandapuram,alandur madanandapuram,2020,alandur,madanandapuram
12,F:\images\2021\Alandur_Madanandapuram.png,Alandur_Madanandapuram,alandur madanandapuram,2021,alandur,madanandapuram
13,F:\images\2022\Alandur_Madanandapuram.png,Alandur_Madanandapuram,alandur madanandapuram,2022,alandur,madanandapuram
14,F:\images\2024\Alandur_Madanandapuram.png,Alandur_Madanandapuram,alandur madanandapuram,2024,alandur,madanandapuram
15,F:\images\2014\Alandur_Manapakkam.png,Alandur_Manapakkam,alandur manapakkam,2014,alandur,manapakkam
16,F:\images\2020\Alandur_Manapakkam.png,Alandur_Manapakkam,alandur manapakkam,2020,alandur,manapakkam
17,F:\images\2021\Alandur_Manapakkam.png,Alandur_Manapakkam,alandur manapakkam,2021,alandur,manapakkam
18,F:\images\2022\Alandur_Manapakkam.png,Alandur_Manapakkam,alandur manapakkam,2022,alandur,manapakkam
19,F:\images\2024\Alandur_Manapakkam.png,Alandur_Manapakkam,alandur manapakkam,2024,alandur,manapakkam
20,F:\images\2014\Alandur_Meenambakkam.png,Alandur_Meenambakkam,alandur meenambakkam,2014,alandur,meenambakkam
21,F:\images\2020\Alandur_Meenambakkam.png,Alandur_Meenambakkam,alandur meenambakkam,2020,alandur,meenambakkam
22,F:\images\2021\Alandur_Meenambakkam.png,Alandur_Meenambakkam,alandur meenambakkam,2021,alandur,meenambakkam
23,F:\images\2022\Alandur_Meenambakkam.png,Alandur_Meenambakkam,alandur meenambakkam,2022,alandur,meenambakkam
24,F:\images\2024\Alandur_Meenambakkam.png,Alandur_Meenambakkam,alandur meenambakkam,2024,alandur,meenambakkam
25,F:\images\2014\Alandur_Mugalivakkam.png,Alandur_Mugalivakkam,alandur mugalivakkam,2014,alandur,mugalivakkam
26,F:\images\2020\Alandur_Mugalivakkam.png,Alandur_Mugalivakkam,alandur mugalivakkam,2020,alandur,mugalivakkam
27,F:\images\2021\Alandur_Mugalivakkam.png,Alandur_Mugalivakkam,alandur mugalivakkam,2021,alandur,mugalivakkam
28,F:\images\2022\Alandur_Mugalivakkam.png,Alandur_Mugalivakkam,alandur mugalivakkam,2022,alandur,mugalivakkam
29,F:\images\2024\Alandur_Mugalivakkam.png,Alandur_Mugalivakkam,alandur mugalivakkam,2024,alandur,mugalivakkam
30,F:\images\2014\Alandur_Nandambakkam.png,Alandur_Nandambakkam,alandur nandambakkam,2014,alandur,nandambakkam
31,F:\images\2020\Alandur_Nandambakkam.png,Alandur_Nandambakkam,alandur nandambakkam,2020,alandur,nandambakkam
32,F:\images\2021\Alandur_Nandambakkam.png,Alandur_Nandambakkam,alandur nandambakkam,2021,alandur,nandambakkam
33,F:\images\2022\Alandur_Nandambakkam.png,Alandur_Nandambakkam,alandur nandambakkam,2022,alandur,nandambakkam
34,F:\images\2024\Alandur_Nandambakkam.png,Alandur_Nandambakkam,alandur nandambakkam,2024,alandur,nandambakkam
35,F:\images\2014\Alandur_Nanganallur.png,Alandur_Nanganallur,alandur nanganallur,2014,alandur,nanganallur
36,F:\images\2020\Alandur_Nanganallur.png,Alandur_Nanganallur,alandur nanganallur,2020,alandur,nanganallur
37,F:\images\2021\Alandur_Nanganallur.png,Alandur_Nanganallur,alandur nanganallur,2021,alandur,nanganallur
38,F:\images\2022\Alandur_Nanganallur.png,Alandur_Nanganallur,alandur nanganallur,2022,alandur,nanganallur
39,F:\images\2024\Alandur_Nanganallur.png,Alandur_Nanganallur,alandur nanganallur,2024,alandur,nanganallur
40,F:\images\2014\Alandur_Pazhavanthangal.png,Alandur_Pazhavanthangal,alandur pazhavanthangal,2014,alandur,pazhavanthangal
41,F:\images\2020\Alandur_Pazhavanthangal.png,Alandur_Pazhavanthangal,alandur pazhavanthangal,2020,alandur,pazhavanthangal
42,F:\images\2021\Alandur_Pazhavanthangal.png,Alandur_Pazhavanthangal,alandur pazhavanthangal,2021,alandur,pazhavanthangal
43,F:\images\2022\Alandur_Pazhavanthangal.png,Alandur_Pazhavanthangal,alandur pazhavanthangal,2022,alandur,pazhavanthangal
44,F:\images\2024\Alandur_Pazhavanthangal.png,Alandur_Pazhavanthangal,alandur pazhavanthangal,2024,alandur,pazhavanthangal
45,F:\images\2014\Alandur_Thalakanacheri.png,Alandur_Thalakanacheri,alandur thalakanacheri,2014,alandur,thalakanacheri
46,F:\images\2020\Alandur_Thalakanacheri.png,Alandur_Thalakanacheri,alandur thalakanacheri,2020,alandur,thalakanacheri
47,F:\images\2021\Alandur_Thalakanacheri.png,Alandur_Thalakanacheri,alandur thalakanacheri,2021,alandur,thalakanacheri
48,F:\images\2022\Alandur_Thalakanacheri.png,Alandur_Thalakanacheri,alandur thalakanacheri,2022,alandur,thalakanacheri
49,F:\images\2024\Alandur_Thalakanacheri.png,Alandur_Thalakanacheri,alandur thalakanacheri,2024,alandur,thalakanacheri
50,F:\images\2014\Aminjikarai_Aminjikarai.png,Aminjikarai_Aminjikarai,aminjikarai aminjikarai,2014,aminjikarai,aminjikarai
51,F:\images\2020\Aminjikarai_Aminjikarai.png,Aminjikarai_Aminjikarai,aminjikarai aminjikarai,2020,aminjikarai,aminjikarai
52,F:\images\2021\Aminjikarai_Aminjikarai.png,Aminjikarai_Aminjikarai,aminjikarai aminjikarai,2021,aminjikarai,aminjikarai
53,F:\images\2022\Aminjikarai_Aminjikarai.png,Aminjikarai_Aminjikarai,aminjikarai aminjikarai,2022,aminjikarai,aminjikarai
54,F:\images\2024\Aminjikarai_Aminjikarai.png,Aminjikarai_Aminjikarai,aminjikarai aminjikarai,2024,aminjikarai,aminjikarai
55,F:\images\2014\Aminjikarai_Arumbakkam.png,Aminjikarai_Arumbakkam,aminjikarai arumbakkam,2014,aminjikarai,arumbakkam
56,F:\images\2020\Aminjikarai_Arumbakkam.png,Aminjikarai_Arumbakkam,aminjikarai arumbakkam,2020,aminjikarai,arumbakkam
57,F:\images\2021\Aminjikarai_Arumbakkam.png,Aminjikarai_Arumbakkam,aminjikarai arumbakkam,2021,aminjikarai,arumbakkam
58,F:\images\2022\Aminjikarai_Arumbakkam.png,Aminjikarai_Arumbakkam,aminjikarai arumbakkam,2022,aminjikarai,arumbakkam
59,F:\images\2024\Aminjikarai_Arumbakkam.png,Aminjikarai_Arumbakkam,aminjikarai arumbakkam,2024,aminjikarai,arumbakkam
60,F:\images\2014\Aminjikarai_Chinnakudal.png,Aminjikarai_Chinnakudal,aminjikarai chinnakudal,2014,aminjikarai,chinnakudal
61,F:\images\2020\Aminjikarai_Chinnakudal.png,Aminjikarai_Chinnakudal,aminjikarai chinnakudal,2020,aminjikarai,chinnakudal
62,F:\images\2021\Aminjikarai_Chinnakudal.png,Aminjikarai_Chinnakudal,aminjikarai chinnakudal,2021,aminjikarai,chinnakudal
63,F:\images\2022\Aminjikarai_Chinnakudal.png,Aminjikarai_Chinnakudal,aminjikarai chinnakudal,2022,aminjikarai,chinnakudal
64,F:\images\2024\Aminjikarai_Chinnakudal.png,Aminjikarai_Chinnakudal,aminjikarai chinnakudal,2024,aminjikarai,chinnakudal
65,F:\images\2025\Aminjikarai_Chinnakudal.png,Aminjikarai_Chinnakudal,aminjikarai chinnakudal,2025,aminjikarai,chinnakudal
66,F:\images\2014\Aminjikarai_Koyambedu.png,Aminjikarai_Koyambedu,aminjikarai koyambedu,2014,aminjikarai,koyambedu
67,F:\images\2020\Aminjikarai_Koyambedu.png,Aminjikarai_Koyambedu,aminjikarai koyambedu,2020,aminjikarai,koyambedu
68,F:\images\2021\Aminjikarai_Koyambedu.png,Aminjikarai_Koyambedu,aminjikarai koyambedu,2021,aminjikarai,koyambedu
69,F:\images\2022\Aminjikarai_Koyambedu.png,Aminjikarai_Koyambedu,aminjikarai koyambedu,2022,aminjikarai,koyambedu
70,F:\images\2024\Aminjikarai_Koyambedu.png,Aminjikarai_Koyambedu,aminjikarai koyambedu,2024,aminjikarai,koyambedu
71,F:\images\2014\Aminjikarai_Mullam.png,Aminjikarai_Mullam,aminjikarai mullam,2014,aminjikarai,mullam
72,F:\images\2020\Aminjikarai_Mullam.png,Aminjikarai_Mullam,aminjikarai mullam,2020,aminjikarai,mullam
73,F:\images\2021\Aminjikarai_Mullam.png,Aminjikarai_Mullam,aminjikarai mullam,2021,aminjikarai,mullam
74,F:\images\2022\Aminjikarai_Mullam.png,Aminjikarai_Mullam,aminjikarai mullam,2022,aminjikarai,mullam
75,F:\images\2024\Aminjikarai_Mullam.png,Aminjikarai_Mullam,aminjikarai mullam,2024,aminjikarai,mullam
76,F:\images\2025\Aminjikarai_Mullam.png,Aminjikarai_Mullam,aminjikarai mullam,2025,aminjikarai,mullam
77,F:\images\2014\Aminjikarai_Naduvankarai.png,Aminjikarai_Naduvankarai,aminjikarai naduvankarai,2014,aminjikarai,naduvankarai
78,F:\images\2020\Aminjikarai_Naduvankarai.png,Aminjikarai_Naduvankarai,aminjikarai naduvankarai,2020,aminjikarai,naduvankarai
79,F:\images\2021\Aminjikarai_Naduvankarai.png,Aminjikarai_Naduvankarai,aminjikarai naduvankarai,2021,aminjikarai,naduvankarai
80,F:\images\2022\Aminjikarai_Naduvankarai.png,Aminjikarai_Naduvankarai,aminjikarai naduvankarai,2022,aminjikarai,naduvankarai
81,F:\images\2024\Aminjikarai_Naduvankarai.png,Aminjikarai_Naduvankarai,aminjikarai naduvankarai,2024,aminjikarai,naduvankarai
82,F:\images\2014\Aminjikarai_Sencheri.png,Aminjikarai_Sencheri,aminjikarai sencheri,2014,aminjikarai,sencheri
83,F:\images\2020\Aminjikarai_Sencheri.png,Aminjikarai_Sencheri,aminjikarai sencheri,2020,aminjikarai,sencheri
84,F:\images\2021\Aminjikarai_Sencheri.png,Aminjikarai_Sencheri,aminjikarai sencheri,2021,aminjikarai,sencheri
85,F:\images\2022\Aminjikarai_Sencheri.png,Aminjikarai_Sencheri,aminjikarai sencheri,2022,aminjikarai,sencheri
86,F:\images\2024\Aminjikarai_Sencheri.png,Aminjikarai_Sencheri,aminjikarai sencheri,2024,aminjikarai,sencheri
87,F:\images\2014\Aminjikarai_Siruvallur.png,Aminjikarai_Siruvallur,aminjikarai siruvallur,2014,aminjikarai,siruvallur
88,F:\images\2020\Aminjikarai_Siruvallur.png,Aminjikarai_Siruvallur,aminjikarai siruvallur,2020,aminjikarai,siruvallur
89,F:\images\2021\Aminjikarai_Siruvallur.png,Aminjikarai_Siruvallur,aminjikarai siruvallur,2021,aminjikarai,siruvallur
90,F:\images\2022\Aminjikarai_Siruvallur.png,Aminjikarai_Siruvallur,aminjikarai siruvallur,2022,aminjikarai,siruvallur
91,F:\images\2024\Aminjikarai_Siruvallur.png,Aminjikarai_Siruvallur,aminjikarai siruvallur,2024,aminjikarai,siruvallur
92,F:\images\2025\Aminjikarai_Siruvallur.png,Aminjikarai_Siruvallur,aminjikarai siruvallur,2025,aminjikarai,siruvallur
93,F:\images\2014\Aminjikarai_Thirumangalam.png,Aminjikarai_Thirumangalam,aminjikarai thirumangalam,2014,aminjikarai,thirumangalam
94,F:\images\2020\Aminjikarai_Thirumangalam.png,Aminjikarai_Thirumangalam,aminjikarai thirumangalam,2020,aminjikarai,thirumangalam
95,F:\images\2021\Aminjikarai_Thirumangalam.png,Aminjikarai_Thirumangalam,aminjikarai thirumangalam,2021,aminjikarai,thirumangalam
96,F:\images\2022\Aminjikarai_Thirumangalam.png,Aminjikarai_Thirumangalam,aminjikarai thirumangalam,2022,aminjikarai,thirumangalam
97,F:\images\2024\Aminjikarai_Thirumangalam.png,Aminjikarai_Thirumangalam,aminjikarai thirumangalam,2024,aminjikarai,thirumangalam
98,F:\images\2025\Aminjikarai_Thirumangalam.png,Aminjikarai_Thirumangalam,aminjikarai thirumangalam,2025,aminjikarai,thirumangalam
99,F:\images\2014\Aminjikarai_Vada_Agaram.png,Aminjikarai_Vada_Agaram,aminjikarai vada agaram,2014,aminjikarai,vada
100,F:\images\2020\Aminjikarai_Vada_Agaram.png,Aminjikarai_Vada_Agaram,aminjikarai vada agaram,2020,aminjikarai,vada
101,F:\images\2021\Aminjikarai_Vada_Agaram.png,Aminjikarai_Vada_Agaram,aminjikarai vada agaram,2021,aminjikarai,vada
102,F:\images\2022\Aminjikarai_Vada_Agaram.png,Aminjikarai_Vada_Agaram,aminjikarai vada agaram,2022,aminjikarai,vada
103,F:\images\2024\Aminjikarai_Vada_Agaram.png,Aminjikarai_Vada_Agaram,aminjikarai vada agaram,2024,aminjikarai,vada
104,F:\images\2014\Aminjikarai_Villivakkam.png,Aminjikarai_Villivakkam,aminjikarai villivakkam,2014,aminjikarai,villivakkam
105,F:\images\2020\Aminjikarai_Villivakkam.png,Aminjikarai_Villivakkam,aminjikarai villivakkam,2020,aminjikarai,villivakkam
106,F:\images\2021\Aminjikarai_Villivakkam.png,Aminjikarai_Villivakkam,aminjikarai villivakkam,2021,aminjikarai,villivakkam
107,F:\images\2022\Aminjikarai_Villivakkam.png,Aminjikarai_Villivakkam,aminjikarai villivakkam,2022,aminjikarai,villivakkam
108,F:\images\2024\Aminjikarai_Villivakkam.png,Aminjikarai_Villivakkam,aminjikarai villivakkam,2024,aminjikarai,villivakkam
109,F:\images\2025\Aminjikarai_Villivakkam.png,Aminjikarai_Villivakkam,aminjikarai villivakkam,2025,aminjikarai,villivakkam
110,F:\images\2014\Egmore_Egmore_(Part_I).png,Egmore_Egmore_(Part_I),egmore egmore part i,2014,egmore,egmore
111,F:\images\2020\Egmore_Egmore_(Part_I).png,Egmore_Egmore_(Part_I),egmore egmore part i,2020,egmore,egmore
112,F:\images\2021\Egmore_Egmore_(Part_I).png,Egmore_Egmore_(Part_I),egmore egmore part i,2021,egmore,egmore
113,F:\images\2022\Egmore_Egmore_(Part_I).png,Egmore_Egmore_(Part_I),egmore egmore part i,2022,egmore,egmore
114,F:\images\2024\Egmore_Egmore_(Part_I).png,Egmore_Egmore_(Part_I),egmore egmore part i,2024,egmore,egmore
115,F:\images\2014\Egmore_Egmore_(Part_II).png,Egmore_Egmore_(Part_II),egmore egmore part ii,2014,egmore,egmore
116,F:\images\2020\Egmore_Egmore_(Part_II).png,Egmore_Egmore_(Part_II),egmore egmore part ii,2020,egmore,egmore
117,F:\images\2021\Egmore_Egmore_(Part_II).png,Egmore_Egmore_(Part_II),egmore egmore part ii,2021,egmore,egmore
118,F:\images\2022\Egmore_Egmore_(Part_II).png,Egmore_Egmore_(Part_II),egmore egmore part ii,2022,egmore,egmore
119,F:\images\2024\Egmore_Egmore_(Part_II).png,Egmore_Egmore_(Part_II),egmore egmore part ii,2024,egmore,egmore
120,F:\images\2014\Egmore_Nungambakkam.png,Egmore_Nungambakkam,egmore nungambakkam,2014,egmore,nungambakkam
121,F:\images\2020\Egmore_Nungambakkam.png,Egmore_Nungambakkam,egmore nungambakkam,2020,egmore,nungambakkam
122,F:\images\2021\Egmore_Nungambakkam.png,Egmore_Nungambakkam,egmore nungambakkam,2021,egmore,nungambakkam
123,F:\images\2022\Egmore_Nungambakkam.png,Egmore_Nungambakkam,egmore nungambakkam,2022,egmore,nungambakkam
124,F:\images\2024\Egmore_Nungambakkam.png,Egmore_Nungambakkam,egmore nungambakkam,2024,egmore,nungambakkam
125,F:\images\2014\Egmore_Puliyur.png,Egmore_Puliyur,egmore puliyur,2014,egmore,puliyur
126,F:\images\2020\Egmore_Puliyur.png,Egmore_Puliyur,egmore puliyur,2020,egmore,puliyur
127,F:\images\2021\Egmore_Puliyur.png,Egmore_Puliyur,egmore puliyur,2021,egmore,puliyur
128,F:\images\2022\Egmore_Puliyur.png,Egmore_Puliyur,egmore puliyur,2022,egmore,puliyur
129,F:\images\2024\Egmore_Puliyur.png,Egmore_Puliyur,egmore puliyur,2024,egmore,puliyur
130,F:\images\2014\Guindy_Adyar_(Part_I).png,Guindy_Adyar_(Part_I),guindy adyar part i,2014,guindy,adyar
131,F:\images\2020\Guindy_Adyar_(Part_I).png,Guindy_Adyar_(Part_I),guindy adyar part i,2020,guindy,adyar
132,F:\images\2021\Guindy_Adyar_(Part_I).png,Guindy_Adyar_(Part_I),guindy adyar part i,2021,guindy,adyar
133,F:\images\2022\Guindy_Adyar_(Part_I).png,Guindy_Adyar_(Part_I),guindy adyar part i,2022,guindy,adyar
134,F:\images\2024\Guindy_Adyar_(Part_I).png,Guindy_Adyar_(Part_I),guindy adyar part i,2024,guindy,adyar
135,F:\images\2025\Guindy_Adyar_(Part_I).png,Guindy_Adyar_(Part_I),guindy adyar part i,2025,guindy,adyar
136,F:\images\2014\Guindy_Adyar_(Part_II).png,Guindy_Adyar_(Part_II),guindy adyar part ii,2014,guindy,adyar
137,F:\images\2020\Guindy_Adyar_(Part_II).png,Guindy_Adyar_(Part_II),guindy adyar part ii,2020,guindy,adyar
138,F:\images\2021\Guindy_Adyar_(Part_II).png,Guindy_Adyar_(Part_II),guindy adyar part ii,2021,guindy,adyar
139,F:\images\2022\Guindy_Adyar_(Part_II).png,Guindy_Adyar_(Part_II),guindy adyar part ii,2022,guindy,adyar
140,F:\images\2024\Guindy_Adyar_(Part_II).png,Guindy_Adyar_(Part_II),guindy adyar part ii,2024,guindy,adyar
141,F:\images\2025\Guindy_Adyar_(Part_II).png,Guindy_Adyar_(Part_II),guindy adyar part ii,2025,guindy,adyar
142,F:\images\2014\Guindy_Alandur.png,Guindy_Alandur,guindy alandur,2014,guindy,alandur
143,F:\images\2020\Guindy_Alandur.png,Guindy_Alandur,guindy alandur,2020,guindy,alandur
144,F:\images\2021\Guindy_Alandur.png,Guindy_Alandur,guindy alandur,2021,guindy,alandur
145,F:\images\2022\Guindy_Alandur.png,Guindy_Alandur,guindy alandur,2022,guindy,alandur
146,F:\images\2024\Guindy_Alandur.png,Guindy_Alandur,guindy alandur,2024,guindy,alandur
147,F:\images\2025\Guindy_Alandur.png,Guindy_Alandur,guindy alandur,2025,guindy,alandur
148,F:\images\2014\Guindy_Ekkatuthangal.png,Guindy_Ekkatuthangal,guindy ekkatuthangal,2014,guindy,ekkatuthangal
149,F:\images\2020\Guindy_Ekkatuthangal.png,Guindy_Ekkatuthangal,guindy ekkatuthangal,2020,guindy,ekkatuthangal
150,F:\images\2021\Guindy_Ekkatuthangal.png,Guindy_Ekkatuthangal,guindy ekkatuthangal,2021,guindy,ekkatuthangal
151,F:\images\2022\Guindy_Ekkatuthangal.png,Guindy_Ekkatuthangal,guindy ekkatuthangal,2022,guindy,ekkatuthangal
152,F:\images\2024\Guindy_Ekkatuthangal.png,Guindy_Ekkatuthangal,guindy ekkatuthangal,2024,guindy,ekkatuthangal
153,F:\images\2025\Guindy_Ekkatuthangal.png,Guindy_Ekkatuthangal,guindy ekkatuthangal,2025,guindy,ekkatuthangal
154,F:\images\2014\Guindy_Govt._Farm.png,Guindy_Govt._Farm,guindy govt farm,2014,guindy,govt
155,F:\images\2020\Guindy_Govt._Farm.png,Guindy_Govt._Farm,guindy govt farm,2020,guindy,govt
156,F:\images\2021\Guindy_Govt._Farm.png,Guindy_Govt._Farm,guindy govt farm,2021,guindy,govt
157,F:\images\2022\Guindy_Govt._Farm.png,Guindy_Govt._Farm,guindy govt farm,2022,guindy,govt
158,F:\images\2024\Guindy_Govt._Farm.png,Guindy_Govt._Farm,guindy govt farm,2024,guindy,govt
159,F:\images\2025\Guindy_Govt._Farm.png,Guindy_Govt._Farm,guindy govt farm,2025,guindy,govt
160,F:\images\2014\Guindy_Guindy_Park.png,Guindy_Guindy_Park,guindy guindy park,2014,guindy,guindy
161,F:\images\2020\Guindy_Guindy_Park.png,Guindy_Guindy_Park,guindy guindy park,2020,guindy,guindy
162,F:\images\2021\Guindy_Guindy_Park.png,Guindy_Guindy_Park,guindy guindy park,2021,guindy,guindy
163,F:\images\2022\Guindy_Guindy_Park.png,Guindy_Guindy_Park,guindy guindy park,2022,guindy,guindy
164,F:\images\2024\Guindy_Guindy_Park.png,Guindy_Guindy_Park,guindy guindy park,2024,guindy,guindy
165,F:\images\2025\Guindy_Guindy_Park.png,Guindy_Guindy_Park,guindy guindy park,2025,guindy,guindy
166,F:\images\2014\Guindy_Kottur.png,Guindy_Kottur,guindy kottur,2014,guindy,kottur
167,F:\images\2020\Guindy_Kottur.png,Guindy_Kottur,guindy kottur,2020,guindy,kottur
168,F:\images\2021\Guindy_Kottur.png,Guindy_Kottur,guindy kottur,2021,guindy,kottur
169,F:\images\2022\Guindy_Kottur.png,Guindy_Kottur,guindy kottur,2022,guindy,kottur
170,F:\images\2024\Guindy_Kottur.png,Guindy_Kottur,guindy kottur,2024,guindy,kottur
171,F:\images\2025\Guindy_Kottur.png,Guindy_Kottur,guindy kottur,2025,guindy,kottur
172,F:\images\2014\Guindy_T._Nagar.png,Guindy_T._Nagar,guindy t nagar,2014,guindy,t
173,F:\images\2020\Guindy_T._Nagar.png,Guindy_T._Nagar,guindy t nagar,2020,guindy,t
174,F:\images\2021\Guindy_T._Nagar.png,Guindy_T._Nagar,guindy t nagar,2021,guindy,t
175,F:\images\2022\Guindy_T._Nagar.png,Guindy_T._Nagar,guindy t nagar,2022,guindy,t
176,F:\images\2024\Guindy_T._Nagar.png,Guindy_T._Nagar,guindy t nagar,2024,guindy,t
177,F:\images\2025\Guindy_T._Nagar.png,Guindy_T._Nagar,guindy t nagar,2025,guindy,t
178,F:\images\2014\Guindy_Venkatapuram.png,Guindy_Venkatapuram,guindy venkatapuram,2014,guindy,venkatapuram
179,F:\images\2020\Guindy_Venkatapuram.png,Guindy_Venkatapuram,guindy venkatapuram,2020,guindy,venkatapuram
180,F:\images\2021\Guindy_Venkatapuram.png,Guindy_Venkatapuram,guindy venkatapuram,2021,guindy,venkatapuram
181,F:\images\2022\Guindy_Venkatapuram.png,Guindy_Venkatapuram,guindy venkatapuram,2022,guindy,venkatapuram
182,F:\images\2024\Guindy_Venkatapuram.png,Guindy_Venkatapuram,guindy venkatapuram,2024,guindy,venkatapuram
183,F:\images\2025\Guindy_Venkatapuram.png,Guindy_Venkatapuram,guindy venkatapuram,2025,guindy,venkatapuram
184,F:\images\2014\Kolathur_Kolathur.png,Kolathur_Kolathur,kolathur kolathur,2014,kolathur,kolathur
185,F:\images\2020\Kolathur_Kolathur.png,Kolathur_Kolathur,kolathur kolathur,2020,kolathur,kolathur
186,F:\images\2021\Kolathur_Kolathur.png,Kolathur_Kolathur,kolathur kolathur,2021,kolathur,kolathur
187,F:\images\2022\Kolathur_Kolathur.png,Kolathur_Kolathur,kolathur kolathur,2022,kolathur,kolathur
188,F:\images\2024\Kolathur_Kolathur.png,Kolathur_Kolathur,kolathur kolathur,2024,kolathur,kolathur
189,F:\images\2014\Kolathur_Peravallur.png,Kolathur_Peravallur,kolathur peravallur,2014,kolathur,peravallur
190,F:\images\2020\Kolathur_Peravallur.png,Kolathur_Peravallur,kolathur peravallur,2020,kolathur,peravallur
191,F:\images\2021\Kolathur_Peravallur.png,Kolathur_Peravallur,kolathur peravallur,2021,kolathur,peravallur
192,F:\images\2022\Kolathur_Peravallur.png,Kolathur_Peravallur,kolathur peravallur,2022,kolathur,peravallur
193,F:\images\2024\Kolathur_Peravallur.png,Kolathur_Peravallur,kolathur peravallur,2024,kolathur,peravallur
194,F:\images\2014\Kolathur_Siruvallur.png,Kolathur_Siruvallur,kolathur siruvallur,2014,kolathur,siruvallur
195,F:\images\2020\Kolathur_Siruvallur.png,Kolathur_Siruvallur,kolathur siruvallur,2020,kolathur,siruvallur
196,F:\images\2021\Kolathur_Siruvallur.png,Kolathur_Siruvallur,kolathur siruvallur,2021,kolathur,siruvallur
197,F:\images\2022\Kolathur_Siruvallur.png,Kolathur_Siruvallur,kolathur siruvallur,2022,kolathur,siruvallur
198,F:\images\2024\Kolathur_Siruvallur.png,Kolathur_Siruvallur,kolathur siruvallur,2024,kolathur,siruvallur
199,F:\images\2014\Madhavaram_Chettimedu.png,Madhavaram_Chettimedu,madhavaram chettimedu,2014,madhavaram,chettimedu
200,F:\images\2020\Madhavaram_Chettimedu.png,Madhavaram_Chettimedu,madhavaram chettimedu,2020,madhavaram,chettimedu
201,F:\images\2021\Madhavaram_Chettimedu.png,Madhavaram_Chettimedu,madhavaram chettimedu,2021,madhavaram,chettimedu
202,F:\images\2022\Madhavaram_Chettimedu.png,Madhavaram_Chettimedu,madhavaram chettimedu,2022,madhavaram,chettimedu
203,F:\images\2024\Madhavaram_Chettimedu.png,Madhavaram_Chettimedu,madhavaram chettimedu,2024,madhavaram,chettimedu
204,F:\images\2025\Madhavaram_Chettimedu.png,Madhavaram_Chettimedu,madhavaram chettimedu,2025,madhavaram,chettimedu
205,F:\images\2014\Madhavaram_Kadhirvedu.png,Madhavaram_Kadhirvedu,madhavaram kadhirvedu,2014,madhavaram,kadhirvedu
206,F:\images\2020\Madhavaram_Kadhirvedu.png,Madhavaram_Kadhirvedu,madhavaram kadhirvedu,2020,madhavaram,kadhirvedu
207,F:\images\2021\Madhavaram_Kadhirvedu.png,Madhavaram_Kadhirvedu,madhavaram kadhirvedu,2021,madhavaram,kadhirvedu
208,F:\images\2022\Madhavaram_Kadhirvedu.png,Madhavaram_Kadhirvedu,madhavaram kadhirvedu,2022,madhavaram,kadhirvedu
209,F:\images\2024\Madhavaram_Kadhirvedu.png,Madhavaram_Kadhirvedu,madhavaram kadhirvedu,2024,madhavaram,kadhirvedu
210,F:\images\2025\Madhavaram_Kadhirvedu.png,Madhavaram_Kadhirvedu,madhavaram kadhirvedu,2025,madhavaram,kadhirvedu
211,F:\images\2014\Madhavaram_Kosapur.png,Madhavaram_Kosapur,madhavaram kosapur,2014,madhavaram,kosapur
212,F:\images\2020\Madhavaram_Kosapur.png,Madhavaram_Kosapur,madhavaram kosapur,2020,madhavaram,kosapur
213,F:\images\2021\Madhavaram_Kosapur.png,Madhavaram_Kosapur,madhavaram kosapur,2021,madhavaram,kosapur
214,F:\images\2022\Madhavaram_Kosapur.png,Madhavaram_Kosapur,madhavaram kosapur,2022,madhavaram,kosapur
215,F:\images\2024\Madhavaram_Kosapur.png,Madhavaram_Kosapur,madhavaram kosapur,2024,madhavaram,kosapur
216,F:\images\2025\Madhavaram_Kosapur.png,Madhavaram_Kosapur,madhavaram kosapur,2025,madhavaram,kosapur
217,F:\images\2014\Madhavaram_Madhavaram‑1.png,Madhavaram_Madhavaram‑1,madhavaram madhavaram 1,2014,madhavaram,madhavaram
218,F:\images\2020\Madhavaram_Madhavaram‑1.png,Madhavaram_Madhavaram‑1,madhavaram madhavaram 1,2020,madhavaram,madhavaram
219,F:\images\2021\Madhavaram_Madhavaram‑1.png,Madhavaram_Madhavaram‑1,madhavaram madhavaram 1,2021,madhavaram,madhavaram
220,F:\images\2022\Madhavaram_Madhavaram‑1.png,Madhavaram_Madhavaram‑1,madhavaram madhavaram 1,2022,madhavaram,madhavaram
221,F:\images\2024\Madhavaram_Madhavaram‑1.png,Madhavaram_Madhavaram‑1,madhavaram madhavaram 1,2024,madhavaram,madhavaram
222,F:\images\2025\Madhavaram_Madhavaram‑1.png,Madhavaram_Madhavaram‑1,madhavaram madhavaram 1,2025,madhavaram,madhavaram
223,F:\images\2014\Madhavaram_Madhavaram‑2.png,Madhavaram_Madhavaram‑2,madhavaram madhavaram 2,2014,madhavaram,madhavaram
224,F:\images\2020\Madhavaram_Madhavaram‑2.png,Madhavaram_Madhavaram‑2,madhavaram madhavaram 2,2020,madhavaram,madhavaram
225,F:\images\2021\Madhavaram_Madhavaram‑2.png,Madhavaram_Madhavaram‑2,madhavaram madhavaram 2,2021,madhavaram,madhavaram
226,F:\images\2022\Madhavaram_Madhavaram‑2.png,Madhavaram_Madhavaram‑2,madhavaram madhavaram 2,2022,madhavaram,madhavaram
227,F:\images\2024\Madhavaram_Madhavaram‑2.png,Madhavaram_Madhavaram‑2,madhavaram madhavaram 2,2024,madhavaram,madhavaram
228,F:\images\2025\Madhavaram_Madhavaram‑2.png,Madhavaram_Madhavaram‑2,madhavaram madhavaram 2,2025,madhavaram,madhavaram
229,F:\images\2014\Madhavaram_Manchambakkam.png,Madhavaram_Manchambakkam,madhavaram manchambakkam,2014,madhavaram,manchambakkam
230,F:\images\2020\Madhavaram_Manchambakkam.png,Madhavaram_Manchambakkam,madhavaram manchambakkam,2020,madhavaram,manchambakkam
231,F:\images\2021\Madhavaram_Manchambakkam.png,Madhavaram_Manchambakkam,madhavaram manchambakkam,2021,madhavaram,manchambakkam
232,F:\images\2022\Madhavaram_Manchambakkam.png,Madhavaram_Manchambakkam,madhavaram manchambakkam,2022,madhavaram,manchambakkam
233,F:\images\2024\Madhavaram_Manchambakkam.png,Madhavaram_Manchambakkam,madhavaram manchambakkam,2024,madhavaram,manchambakkam
234,F:\images\2025\Madhavaram_Manchambakkam.png,Madhavaram_Manchambakkam,madhavaram manchambakkam,2025,madhavaram,manchambakkam
235,F:\images\2014\Madhavaram_Mathur.png,Madhavaram_Mathur,madhavaram mathur,2014,madhavaram,mathur
236,F:\images\2020\Madhavaram_Mathur.png,Madhavaram_Mathur,madhavaram mathur,2020,madhavaram,mathur
237,F:\images\2021\Madhavaram_Mathur.png,Madhavaram_Mathur,madhavaram mathur,2021,madhavaram,mathur
238,F:\images\2022\Madhavaram_Mathur.png,Madhavaram_Mathur,madhavaram mathur,2022,madhavaram,mathur
239,F:\images\2024\Madhavaram_Mathur.png,Madhavaram_Mathur,madhavaram mathur,2024,madhavaram,mathur
240,F:\images\2025\Madhavaram_Mathur.png,Madhavaram_Mathur,madhavaram mathur,2025,madhavaram,mathur
241,F:\images\2014\Madhavaram_Puthagaram.png,Madhavaram_Puthagaram,madhavaram puthagaram,2014,madhavaram,puthagaram
242,F:\images\2020\Madhavaram_Puthagaram.png,Madhavaram_Puthagaram,madhavaram puthagaram,2020,madhavaram,puthagaram
243,F:\images\2021\Madhavaram_Puthagaram.png,Madhavaram_Puthagaram,madhavaram puthagaram,2021,madhavaram,puthagaram
244,F:\images\2022\Madhavaram_Puthagaram.png,Madhavaram_Puthagaram,madhavaram puthagaram,2022,madhavaram,puthagaram
245,F:\images\2024\Madhavaram_Puthagaram.png,Madhavaram_Puthagaram,madhavaram puthagaram,2024,madhavaram,puthagaram
246,F:\images\2025\Madhavaram_Puthagaram.png,Madhavaram_Puthagaram,madhavaram puthagaram,2025,madhavaram,puthagaram
247,F:\images\2014\Madhavaram_Puzhal.png,Madhavaram_Puzhal,madhavaram puzhal,2014,madhavaram,puzhal
248,F:\images\2020\Madhavaram_Puzhal.png,Madhavaram_Puzhal,madhavaram puzhal,2020,madhavaram,puzhal
249,F:\images\2021\Madhavaram_Puzhal.png,Madhavaram_Puzhal,madhavaram puzhal,2021,madhavaram,puzhal
250,F:\images\2022\Madhavaram_Puzhal.png,Madhavaram_Puzhal,madhavaram puzhal,2022,madhavaram,puzhal
251,F:\images\2024\Madhavaram_Puzhal.png,Madhavaram_Puzhal,madhavaram puzhal,2024,madhavaram,puzhal
252,F:\images\2025\Madhavaram_Puzhal.png,Madhavaram_Puzhal,madhavaram puzhal,2025,madhavaram,puzhal
253,F:\images\2014\Madhavaram_Surapet.png,Madhavaram_Surapet,madhavaram surapet,2014,madhavaram,surapet
254,F:\images\2020\Madhavaram_Surapet.png,Madhavaram_Surapet,madhavaram surapet,2020,madhavaram,surapet
255,F:\images\2021\Madhavaram_Surapet.png,Madhavaram_Surapet,madhavaram surapet,2021,madhavaram,surapet
256,F:\images\2022\Madhavaram_Surapet.png,Madhavaram_Surapet,madhavaram surapet,2022,madhavaram,surapet
257,F:\images\2024\Madhavaram_Surapet.png,Madhavaram_Surapet,madhavaram surapet,2024,madhavaram,surapet
258,F:\images\2025\Madhavaram_Surapet.png,Madhavaram_Surapet,madhavaram surapet,2025,madhavaram,surapet
259,F:\images\2014\Madhavaram_Vadaperumbakkam.png,Madhavaram_Vadaperumbakkam,madhavaram vadaperumbakkam,2014,madhavaram,vadaperumbakkam
260,F:\images\2020\Madhavaram_Vadaperumbakkam.png,Madhavaram_Vadaperumbakkam,madhavaram vadaperumbakkam,2020,madhavaram,vadaperumbakkam
261,F:\images\2021\Madhavaram_Vadaperumbakkam.png,Madhavaram_Vadaperumbakkam,madhavaram vadaperumbakkam,2021,madhavaram,vadaperumbakkam
262,F:\images\2022\Madhavaram_Vadaperumbakkam.png,Madhavaram_Vadaperumbakkam,madhavaram vadaperumbakkam,2022,madhavaram,vadaperumbakkam
263,F:\images\2024\Madhavaram_Vadaperumbakkam.png,Madhavaram_Vadaperumbakkam,madhavaram vadaperumbakkam,2024,madhavaram,vadaperumbakkam
264,F:\images\2025\Madhavaram_Vadaperumbakkam.png,Madhavaram_Vadaperumbakkam,madhavaram vadaperumbakkam,2025,madhavaram,vadaperumbakkam
265,F:\images\2014\Madhavaram_Villakupattu.png,Madhavaram_Villakupattu,madhavaram villakupattu,2014,madhavaram,villakupattu
266,F:\images\2020\Madhavaram_Villakupattu.png,Madhavaram_Villakupattu,madhavaram villakupattu,2020,madhavaram,villakupattu
267,F:\images\2021\Madhavaram_Villakupattu.png,Madhavaram_Villakupattu,madhavaram villakupattu,2021,madhavaram,villakupattu
268,F:\images\2022\Madhavaram_Villakupattu.png,Madhavaram_Villakupattu,madhavaram villakupattu,2022,madhavaram,villakupattu
269,F:\images\2024\Madhavaram_Villakupattu.png,Madhavaram_Villakupattu,madhavaram villakupattu,2024,madhavaram,villakupattu
270,F:\images\2025\Madhavaram_Villakupattu.png,Madhavaram_Villakupattu,madhavaram villakupattu,2025,madhavaram,villakupattu
271,F:\images\2014\Mambalam_Kodambakkam_(Part_I).png,Mambalam_Kodambakkam_(Part_I),mambalam kodambakkam part i,2014,mambalam,kodambakkam
272,F:\images\2020\Mambalam_Kodambakkam_(Part_I).png,Mambalam_Kodambakkam_(Part_I),mambalam kodambakkam part i,2020,mambalam,kodambakkam
273,F:\images\2021\Mambalam_Kodambakkam_(Part_I).png,Mambalam_Kodambakkam_(Part_I),mambalam kodambakkam part i,2021,mambalam,kodambakkam
274,F:\images\2022\Mambalam_Kodambakkam_(Part_I).png,Mambalam_Kodambakkam_(Part_I),mambalam kodambakkam part i,2022,mambalam,kodambakkam
275,F:\images\2024\Mambalam_Kodambakkam_(Part_I).png,Mambalam_Kodambakkam_(Part_I),mambalam kodambakkam part i,2024,mambalam,kodambakkam
276,F:\images\2014\Mambalam_Kodambakkam_(Part_II).png,Mambalam_Kodambakkam_(Part_II),mambalam kodambakkam part ii,2014,mambalam,kodambakkam
277,F:\images\2020\Mambalam_Kodambakkam_(Part_II).png,Mambalam_Kodambakkam_(Part_II),mambalam kodambakkam part ii,2020,mambalam,kodambakkam
278,F:\images\2021\Mambalam_Kodambakkam_(Part_II).png,Mambalam_Kodambakkam_(Part_II),mambalam kodambakkam part ii,2021,mambalam,kodambakkam
279,F:\images\2022\Mambalam_Kodambakkam_(Part_II).png,Mambalam_Kodambakkam_(Part_II),mambalam kodambakkam part ii,2022,mambalam,kodambakkam
280,F:\images\2024\Mambalam_Kodambakkam_(Part_II).png,Mambalam_Kodambakkam_(Part_II),mambalam kodambakkam part ii,2024,mambalam,kodambakkam
281,F:\images\2014\Mambalam_Mambalam.png,Mambalam_Mambalam,mambalam mambalam,2014,mambalam,mambalam
282,F:\images\2020\Mambalam_Mambalam.png,Mambalam_Mambalam,mambalam mambalam,2020,mambalam,mambalam
283,F:\images\2021\Mambalam_Mambalam.png,Mambalam_Mambalam,mambalam mambalam,2021,mambalam,mambalam
284,F:\images\2022\Mambalam_Mambalam.png,Mambalam_Mambalam,mambalam mambalam,2022,mambalam,mambalam
285,F:\images\2024\Mambalam_Mambalam.png,Mambalam_Mambalam,mambalam mambalam,2024,mambalam,mambalam
286,F:\images\2014\Mambalam_Nesappakkam.png,Mambalam_Nesappakkam,mambalam nesappakkam,2014,mambalam,nesappakkam
287,F:\images\2020\Mambalam_Nesappakkam.png,Mambalam_Nesappakkam,mambalam nesappakkam,2020,mambalam,nesappakkam
288,F:\images\2021\Mambalam_Nesappakkam.png,Mambalam_Nesappakkam,mambalam nesappakkam,2021,mambalam,nesappakkam
289,F:\images\2022\Mambalam_Nesappakkam.png,Mambalam_Nesappakkam,mambalam nesappakkam,2022,mambalam,nesappakkam
290,F:\images\2024\Mambalam_Nesappakkam.png,Mambalam_Nesappakkam,mambalam nesappakkam,2024,mambalam,nesappakkam
291,F:\images\2014\Mambalam_Saidapet.png,Mambalam_Saidapet,mambalam saidapet,2014,mambalam,saidapet
292,F:\images\2020\Mambalam_Saidapet.png,Mambalam_Saidapet,mambalam saidapet,2020,mambalam,saidapet
293,F:\images\2021\Mambalam_Saidapet.png,Mambalam_Saidapet,mambalam saidapet,2021,mambalam,saidapet
294,F:\images\2022\Mambalam_Saidapet.png,Mambalam_Saidapet,mambalam saidapet,2022,mambalam,saidapet
295,F:\images\2024\Mambalam_Saidapet.png,Mambalam_Saidapet,mambalam saidapet,2024,mambalam,saidapet
296,F:\images\2014\Mambalam_Saligramam.png,Mambalam_Saligramam,mambalam saligramam,2014,mambalam,saligramam
297,F:\images\2020\Mambalam_Saligramam.png,Mambalam_Saligramam,mambalam saligramam,2020,mambalam,saligramam
298,F:\images\2021\Mambalam_Saligramam.png,Mambalam_Saligramam,mambalam saligramam,2021,mambalam,saligramam
299,F:\images\2022\Mambalam_Saligramam.png,Mambalam_Saligramam,mambalam saligramam,2022,mambalam,saligramam
300,F:\images\2024\Mambalam_Saligramam.png,Mambalam_Saligramam,mambalam saligramam,2024,mambalam,saligramam
301,F:\images\2014\Mambalam_Virugambakkam.png,Mambalam_Virugambakkam,mambalam virugambakkam,2014,mambalam,virugambakkam
302,F:\images\2020\Mambalam_Virugambakkam.png,Mambalam_Virugambakkam,mambalam virugambakkam,2020,mambalam,virugambakkam
303,F:\images\2021\Mambalam_Virugambakkam.png,Mambalam_Virugambakkam,mambalam virugambakkam,2021,mambalam,virugambakkam
304,F:\images\2022\Mambalam_Virugambakkam.png,Mambalam_Virugambakkam,mambalam virugambakkam,2022,mambalam,virugambakkam
305,F:\images\2024\Mambalam_Virugambakkam.png,Mambalam_Virugambakkam,mambalam virugambakkam,2024,mambalam,virugambakkam
306,F:\images\2014\Mylapore_Chintadripet.png,Mylapore_Chintadripet,mylapore chintadripet,2014,mylapore,chintadripet
307,F:\images\2020\Mylapore_Chintadripet.png,Mylapore_Chintadripet,mylapore chintadripet,2020,mylapore,chintadripet
308,F:\images\2021\Mylapore_Chintadripet.png,Mylapore_Chintadripet,mylapore chintadripet,2021,mylapore,chintadripet
309,F:\images\2022\Mylapore_Chintadripet.png,Mylapore_Chintadripet,mylapore chintadripet,2022,mylapore,chintadripet
310,F:\images\2024\Mylapore_Chintadripet.png,Mylapore_Chintadripet,mylapore chintadripet,2024,mylapore,chintadripet
311,F:\images\2025\Mylapore_Chintadripet.png,Mylapore_Chintadripet,mylapore chintadripet,2025,mylapore,chintadripet
312,F:\images\2014\Mylapore_Mylapore_(Part_I).png,Mylapore_Mylapore_(Part_I),mylapore mylapore part i,2014,mylapore,mylapore
313,F:\images\2020\Mylapore_Mylapore_(Part_I).png,Mylapore_Mylapore_(Part_I),mylapore mylapore part i,2020,mylapore,mylapore
314,F:\images\2021\Mylapore_Mylapore_(Part_I).png,Mylapore_Mylapore_(Part_I),mylapore mylapore part i,2021,mylapore,mylapore
315,F:\images\2022\Mylapore_Mylapore_(Part_I).png,Mylapore_Mylapore_(Part_I),mylapore mylapore part i,2022,mylapore,mylapore
316,F:\images\2024\Mylapore_Mylapore_(Part_I).png,Mylapore_Mylapore_(Part_I),mylapore mylapore part i,2024,mylapore,mylapore
317,F:\images\2025\Mylapore_Mylapore_(Part_I).png,Mylapore_Mylapore_(Part_I),mylapore mylapore part i,2025,mylapore,mylapore
318,F:\images\2014\Mylapore_Mylapore_(Part_II).png,Mylapore_Mylapore_(Part_II),mylapore mylapore part ii,2014,mylapore,mylapore
319,F:\images\2020\Mylapore_Mylapore_(Part_II).png,Mylapore_Mylapore_(Part_II),mylapore mylapore part ii,2020,mylapore,mylapore
320,F:\images\2021\Mylapore_Mylapore_(Part_II).png,Mylapore_Mylapore_(Part_II),mylapore mylapore part ii,2021,mylapore,mylapore
321,F:\images\2022\Mylapore_Mylapore_(Part_II).png,Mylapore_Mylapore_(Part_II),mylapore mylapore part ii,2022,mylapore,mylapore
322,F:\images\2024\Mylapore_Mylapore_(Part_II).png,Mylapore_Mylapore_(Part_II),mylapore mylapore part ii,2024,mylapore,mylapore
323,F:\images\2025\Mylapore_Mylapore_(Part_II).png,Mylapore_Mylapore_(Part_II),mylapore mylapore part ii,2025,mylapore,mylapore
324,F:\images\2014\Mylapore_Triplicane_(Part_I).png,Mylapore_Triplicane_(Part_I),mylapore triplicane part i,2014,mylapore,triplicane
325,F:\images\2020\Mylapore_Triplicane_(Part_I).png,Mylapore_Triplicane_(Part_I),mylapore triplicane part i,2020,mylapore,triplicane
326,F:\images\2021\Mylapore_Triplicane_(Part_I).png,Mylapore_Triplicane_(Part_I),mylapore triplicane part i,2021,mylapore,triplicane
327,F:\images\2022\Mylapore_Triplicane_(Part_I).png,Mylapore_Triplicane_(Part_I),mylapore triplicane part i,2022,mylapore,triplicane
328,F:\images\2024\Mylapore_Triplicane_(Part_I).png,Mylapore_Triplicane_(Part_I),mylapore triplicane part i,2024,mylapore,triplicane
329,F:\images\2025\Mylapore_Triplicane_(Part_I).png,Mylapore_Triplicane_(Part_I),mylapore triplicane part i,2025,mylapore,triplicane
330,F:\images\2014\Mylapore_Triplicane_(Part_II).png,Mylapore_Triplicane_(Part_II),mylapore triplicane part ii,2014,mylapore,triplicane
331,F:\images\2020\Mylapore_Triplicane_(Part_II).png,Mylapore_Triplicane_(Part_II),mylapore triplicane part ii,2020,mylapore,triplicane
332,F:\images\2021\Mylapore_Triplicane_(Part_II).png,Mylapore_Triplicane_(Part_II),mylapore triplicane part ii,2021,mylapore,triplicane
333,F:\images\2022\Mylapore_Triplicane_(Part_II).png,Mylapore_Triplicane_(Part_II),mylapore triplicane part ii,2022,mylapore,triplicane
334,F:\images\2024\Mylapore_Triplicane_(Part_II).png,Mylapore_Triplicane_(Part_II),mylapore triplicane part ii,2024,mylapore,triplicane
335,F:\images\2025\Mylapore_Triplicane_(Part_II).png,Mylapore_Triplicane_(Part_II),mylapore triplicane part ii,2025,mylapore,triplicane
336,F:\images\2014\Perambur_Erukkencheri.png,Perambur_Erukkencheri,perambur erukkencheri,2014,perambur,erukkencheri
337,F:\images\2020\Perambur_Erukkencheri.png,Perambur_Erukkencheri,perambur erukkencheri,2020,perambur,erukkencheri
338,F:\images\2021\Perambur_Erukkencheri.png,Perambur_Erukkencheri,perambur erukkencheri,2021,perambur,erukkencheri
339,F:\images\2022\Perambur_Erukkencheri.png,Perambur_Erukkencheri,perambur erukkencheri,2022,perambur,erukkencheri
340,F:\images\2024\Perambur_Erukkencheri.png,Perambur_Erukkencheri,perambur erukkencheri,2024,perambur,erukkencheri
341,F:\images\2025\Perambur_Erukkencheri.png,Perambur_Erukkencheri,perambur erukkencheri,2025,perambur,erukkencheri
342,F:\images\2014\Perambur_Jambuli.png,Perambur_Jambuli,perambur jambuli,2014,perambur,jambuli
343,F:\images\2020\Perambur_Jambuli.png,Perambur_Jambuli,perambur jambuli,2020,perambur,jambuli
344,F:\images\2021\Perambur_Jambuli.png,Perambur_Jambuli,perambur jambuli,2021,perambur,jambuli
345,F:\images\2022\Perambur_Jambuli.png,Perambur_Jambuli,perambur jambuli,2022,perambur,jambuli
346,F:\images\2024\Perambur_Jambuli.png,Perambur_Jambuli,perambur jambuli,2024,perambur,jambuli
347,F:\images\2025\Perambur_Jambuli.png,Perambur_Jambuli,perambur jambuli,2025,perambur,jambuli
348,F:\images\2014\Perambur_Kodungaiyur.png,Perambur_Kodungaiyur,perambur kodungaiyur,2014,perambur,kodungaiyur
349,F:\images\2020\Perambur_Kodungaiyur.png,Perambur_Kodungaiyur,perambur kodungaiyur,2020,perambur,kodungaiyur
350,F:\images\2021\Perambur_Kodungaiyur.png,Perambur_Kodungaiyur,perambur kodungaiyur,2021,perambur,kodungaiyur
351,F:\images\2022\Perambur_Kodungaiyur.png,Perambur_Kodungaiyur,perambur kodungaiyur,2022,perambur,kodungaiyur
352,F:\images\2024\Perambur_Kodungaiyur.png,Perambur_Kodungaiyur,perambur kodungaiyur,2024,perambur,kodungaiyur
353,F:\images\2025\Perambur_Kodungaiyur.png,Perambur_Kodungaiyur,perambur kodungaiyur,2025,perambur,kodungaiyur
354,F:\images\2014\Perambur_Perambur_(Part_I).png,Perambur_Perambur_(Part_I),perambur perambur part i,2014,perambur,perambur
355,F:\images\2020\Perambur_Perambur_(Part_I).png,Perambur_Perambur_(Part_I),perambur perambur part i,2020,perambur,perambur
356,F:\images\2021\Perambur_Perambur_(Part_I).png,Perambur_Perambur_(Part_I),perambur perambur part i,2021,perambur,perambur
357,F:\images\2022\Perambur_Perambur_(Part_I).png,Perambur_Perambur_(Part_I),perambur perambur part i,2022,perambur,perambur
358,F:\images\2024\Perambur_Perambur_(Part_I).png,Perambur_Perambur_(Part_I),perambur perambur part i,2024,perambur,perambur
359,F:\images\2025\Perambur_Perambur_(Part_I).png,Perambur_Perambur_(Part_I),perambur perambur part i,2025,perambur,perambur
360,F:\images\2014\Perambur_Perambur_(Part_II).png,Perambur_Perambur_(Part_II),perambur perambur part ii,2014,perambur,perambur
361,F:\images\2020\Perambur_Perambur_(Part_II).png,Perambur_Perambur_(Part_II),perambur perambur part ii,2020,perambur,perambur
362,F:\images\2021\Perambur_Perambur_(Part_II).png,Perambur_Perambur_(Part_II),perambur perambur part ii,2021,perambur,perambur
363,F:\images\2022\Perambur_Perambur_(Part_II).png,Perambur_Perambur_(Part_II),perambur perambur part ii,2022,perambur,perambur
364,F:\images\2024\Perambur_Perambur_(Part_II).png,Perambur_Perambur_(Part_II),perambur perambur part ii,2024,perambur,perambur
365,F:\images\2025\Perambur_Perambur_(Part_II).png,Perambur_Perambur_(Part_II),perambur perambur part ii,2025,perambur,perambur
366,F:\images\2014\Perambur_Perambur_(Part_III).png,Perambur_Perambur_(Part_III),perambur perambur part iii,2014,perambur,perambur
367,F:\images\2020\Perambur_Perambur_(Part_III).png,Perambur_Perambur_(Part_III),perambur perambur part iii,2020,perambur,perambur
368,F:\images\2021\Perambur_Perambur_(Part_III).png,Perambur_Perambur_(Part_III),perambur perambur part iii,2021,perambur,perambur
369,F:\images\2022\Perambur_Perambur_(Part_III).png,Perambur_Perambur_(Part_III),perambur perambur part iii,2022,perambur,perambur
370,F:\images\2024\Perambur_Perambur_(Part_III).png,Perambur_Perambur_(Part_III),perambur perambur part iii,2024,perambur,perambur
371,F:\images\2025\Perambur_Perambur_(Part_III).png,Perambur_Perambur_(Part_III),perambur perambur part iii,2025,perambur,perambur
372,F:\images\2014\Perambur_Selvoyil.png,Perambur_Selvoyil,perambur selvoyil,2014,perambur,selvoyil
373,F:\images\2020\Perambur_Selvoyil.png,Perambur_Selvoyil,perambur selvoyil,2020,perambur,selvoyil
374,F:\images\2021\Perambur_Selvoyil.png,Perambur_Selvoyil,perambur selvoyil,2021,perambur,selvoyil
375,F:\images\2022\Perambur_Selvoyil.png,Perambur_Selvoyil,perambur selvoyil,2022,perambur,selvoyil
376,F:\images\2024\Perambur_Selvoyil.png,Perambur_Selvoyil,perambur selvoyil,2024,perambur,selvoyil
377,F:\images\2025\Perambur_Selvoyil.png,Perambur_Selvoyil,perambur selvoyil,2025,perambur,selvoyil
378,F:\images\2014\Perambur_Sembium.png,Perambur_Sembium,perambur sembium,2014,perambur,sembium
379,F:\images\2020\Perambur_Sembium.png,Perambur_Sembium,perambur sembium,2020,perambur,sembium
380,F:\images\2021\Perambur_Sembium.png,Perambur_Sembium,perambur sembium,2021,perambur,sembium
381,F:\images\2022\Perambur_Sembium.png,Perambur_Sembium,perambur sembium,2022,perambur,sembium
382,F:\images\2024\Perambur_Sembium.png,Perambur_Sembium,perambur sembium,2024,perambur,sembium
383,F:\images\2025\Perambur_Sembium.png,Perambur_Sembium,perambur sembium,2025,perambur,sembium
384,F:\images\2014\Purasawalkam_Purasawalkam_(Part_I).png,Purasawalkam_Purasawalkam_(Part_I),purasawalkam purasawalkam part i,2014,purasawalkam,purasawalkam
385,F:\images\2020\Purasawalkam_Purasawalkam_(Part_I).png,Purasawalkam_Purasawalkam_(Part_I),purasawalkam purasawalkam part i,2020,purasawalkam,purasawalkam
386,F:\images\2021\Purasawalkam_Purasawalkam_(Part_I).png,Purasawalkam_Purasawalkam_(Part_I),purasawalkam purasawalkam part i,2021,purasawalkam,purasawalkam
387,F:\images\2022\Purasawalkam_Purasawalkam_(Part_I).png,Purasawalkam_Purasawalkam_(Part_I),purasawalkam purasawalkam part i,2022,purasawalkam,purasawalkam
388,F:\images\2024\Purasawalkam_Purasawalkam_(Part_I).png,Purasawalkam_Purasawalkam_(Part_I),purasawalkam purasawalkam part i,2024,purasawalkam,purasawalkam
389,F:\images\2025\Purasawalkam_Purasawalkam_(Part_I).png,Purasawalkam_Purasawalkam_(Part_I),purasawalkam purasawalkam part i,2025,purasawalkam,purasawalkam
390,F:\images\2014\Purasawalkam_Purasawalkam_(Part_II).png,Purasawalkam_Purasawalkam_(Part_II),purasawalkam purasawalkam part ii,2014,purasawalkam,purasawalkam
391,F:\images\2020\Purasawalkam_Purasawalkam_(Part_II).png,Purasawalkam_Purasawalkam_(Part_II),purasawalkam purasawalkam part ii,2020,purasawalkam,purasawalkam
392,F:\images\2021\Purasawalkam_Purasawalkam_(Part_II).png,Purasawalkam_Purasawalkam_(Part_II),purasawalkam purasawalkam part ii,2021,purasawalkam,purasawalkam
393,F:\images\2022\Purasawalkam_Purasawalkam_(Part_II).png,Purasawalkam_Purasawalkam_(Part_II),purasawalkam purasawalkam part ii,2022,purasawalkam,purasawalkam
394,F:\images\2024\Purasawalkam_Purasawalkam_(Part_II).png,Purasawalkam_Purasawalkam_(Part_II),purasawalkam purasawalkam part ii,2024,purasawalkam,purasawalkam
395,F:\images\2025\Purasawalkam_Purasawalkam_(Part_II).png,Purasawalkam_Purasawalkam_(Part_II),purasawalkam purasawalkam part ii,2025,purasawalkam,purasawalkam
396,F:\images\2014\Purasawalkam_V.O.C_Nagar.png,Purasawalkam_V.O.C_Nagar,purasawalkam v o c nagar,2014,purasawalkam,v
397,F:\images\2020\Purasawalkam_V.O.C_Nagar.png,Purasawalkam_V.O.C_Nagar,purasawalkam v o c nagar,2020,purasawalkam,v
398,F:\images\2021\Purasawalkam_V.O.C_Nagar.png,Purasawalkam_V.O.C_Nagar,purasawalkam v o c nagar,2021,purasawalkam,v
399,F:\images\2022\Purasawalkam_V.O.C_Nagar.png,Purasawalkam_V.O.C_Nagar,purasawalkam v o c nagar,2022,purasawalkam,v
400,F:\images\2024\Purasawalkam_V.O.C_Nagar.png,Purasawalkam_V.O.C_Nagar,purasawalkam v o c nagar,2024,purasawalkam,v
401,F:\images\2025\Purasawalkam_V.O.C_Nagar.png,Purasawalkam_V.O.C_Nagar,purasawalkam v o c nagar,2025,purasawalkam,v
402,F:\images\2014\Purasawalkam_Vepery.png,Purasawalkam_Vepery,purasawalkam vepery,2014,purasawalkam,vepery
403,F:\images\2020\Purasawalkam_Vepery.png,Purasawalkam_Vepery,purasawalkam vepery,2020,purasawalkam,vepery
404,F:\images\2021\Purasawalkam_Vepery.png,Purasawalkam_Vepery,purasawalkam vepery,2021,purasawalkam,vepery
405,F:\images\2022\Purasawalkam_Vepery.png,Purasawalkam_Vepery,purasawalkam vepery,2022,purasawalkam,vepery
406,F:\images\2024\Purasawalkam_Vepery.png,Purasawalkam_Vepery,purasawalkam vepery,2024,purasawalkam,vepery
407,F:\images\2025\Purasawalkam_Vepery.png,Purasawalkam_Vepery,purasawalkam vepery,2025,purasawalkam,vepery
408,F:\images\2014\Sholinganallur_Enjambakkam.png,Sholinganallur_Enjambakkam,sholinganallur enjambakkam,2014,sholinganallur,enjambakkam
409,F:\images\2020\Sholinganallur_Enjambakkam.png,Sholinganallur_Enjambakkam,sholinganallur enjambakkam,2020,sholinganallur,enjambakkam
410,F:\images\2021\Sholinganallur_Enjambakkam.png,Sholinganallur_Enjambakkam,sholinganallur enjambakkam,2021,sholinganallur,enjambakkam
411,F:\images\2022\Sholinganallur_Enjambakkam.png,Sholinganallur_Enjambakkam,sholinganallur enjambakkam,2022,sholinganallur,enjambakkam
412,F:\images\2024\Sholinganallur_Enjambakkam.png,Sholinganallur_Enjambakkam,sholinganallur enjambakkam,2024,sholinganallur,enjambakkam
413,F:\images\2014\Sholinganallur_Jaladampet.png,Sholinganallur_Jaladampet,sholinganallur jaladampet,2014,sholinganallur,jaladampet
414,F:\images\2020\Sholinganallur_Jaladampet.png,Sholinganallur_Jaladampet,sholinganallur jaladampet,2020,sholinganallur,jaladampet
415,F:\images\2021\Sholinganallur_Jaladampet.png,Sholinganallur_Jaladampet,sholinganallur jaladampet,2021,sholinganallur,jaladampet
416,F:\images\2022\Sholinganallur_Jaladampet.png,Sholinganallur_Jaladampet,sholinganallur jaladampet,2022,sholinganallur,jaladampet
417,F:\images\2024\Sholinganallur_Jaladampet.png,Sholinganallur_Jaladampet,sholinganallur jaladampet,2024,sholinganallur,jaladampet
418,F:\images\2014\Sholinganallur_Karapakkam.png,Sholinganallur_Karapakkam,sholinganallur karapakkam,2014,sholinganallur,karapakkam
419,F:\images\2020\Sholinganallur_Karapakkam.png,Sholinganallur_Karapakkam,sholinganallur karapakkam,2020,sholinganallur,karapakkam
420,F:\images\2021\Sholinganallur_Karapakkam.png,Sholinganallur_Karapakkam,sholinganallur karapakkam,2021,sholinganallur,karapakkam
421,F:\images\2022\Sholinganallur_Karapakkam.png,Sholinganallur_Karapakkam,sholinganallur karapakkam,2022,sholinganallur,karapakkam
422,F:\images\2024\Sholinganallur_Karapakkam.png,Sholinganallur_Karapakkam,sholinganallur karapakkam,2024,sholinganallur,karapakkam
423,F:\images\2014\Sholinganallur_Kottivakkam.png,Sholinganallur_Kottivakkam,sholinganallur kottivakkam,2014,sholinganallur,kottivakkam
424,F:\images\2020\Sholinganallur_Kottivakkam.png,Sholinganallur_Kottivakkam,sholinganallur kottivakkam,2020,sholinganallur,kottivakkam
425,F:\images\2021\Sholinganallur_Kottivakkam.png,Sholinganallur_Kottivakkam,sholinganallur kottivakkam,2021,sholinganallur,kottivakkam
426,F:\images\2022\Sholinganallur_Kottivakkam.png,Sholinganallur_Kottivakkam,sholinganallur kottivakkam,2022,sholinganallur,kottivakkam
427,F:\images\2024\Sholinganallur_Kottivakkam.png,Sholinganallur_Kottivakkam,sholinganallur kottivakkam,2024,sholinganallur,kottivakkam
428,F:\images\2014\Sholinganallur_Madipakkam‑I.png,Sholinganallur_Madipakkam‑I,sholinganallur madipakkam i,2014,sholinganallur,madipakkam
429,F:\images\2020\Sholinganallur_Madipakkam‑I.png,Sholinganallur_Madipakkam‑I,sholinganallur madipakkam i,2020,sholinganallur,madipakkam
430,F:\images\2021\Sholinganallur_Madipakkam‑I.png,Sholinganallur_Madipakkam‑I,sholinganallur madipakkam i,2021,sholinganallur,madipakkam
431,F:\images\2022\Sholinganallur_Madipakkam‑I.png,Sholinganallur_Madipakkam‑I,sholinganallur madipakkam i,2022,sholinganallur,madipakkam
432,F:\images\2024\Sholinganallur_Madipakkam‑I.png,Sholinganallur_Madipakkam‑I,sholinganallur madipakkam i,2024,sholinganallur,madipakkam
433,F:\images\2014\Sholinganallur_Madipakkam‑II.png,Sholinganallur_Madipakkam‑II,sholinganallur madipakkam ii,2014,sholinganallur,madipakkam
434,F:\images\2020\Sholinganallur_Madipakkam‑II.png,Sholinganallur_Madipakkam‑II,sholinganallur madipakkam ii,2020,sholinganallur,madipakkam
435,F:\images\2021\Sholinganallur_Madipakkam‑II.png,Sholinganallur_Madipakkam‑II,sholinganallur madipakkam ii,2021,sholinganallur,madipakkam
436,F:\images\2022\Sholinganallur_Madipakkam‑II.png,Sholinganallur_Madipakkam‑II,sholinganallur madipakkam ii,2022,sholinganallur,madipakkam
437,F:\images\2024\Sholinganallur_Madipakkam‑II.png,Sholinganallur_Madipakkam‑II,sholinganallur madipakkam ii,2024,sholinganallur,madipakkam
438,F:\images\2014\Sholinganallur_Neelangarai.png,Sholinganallur_Neelangarai,sholinganallur neelangarai,2014,sholinganallur,neelangarai
439,F:\images\2020\Sholinganallur_Neelangarai.png,Sholinganallur_Neelangarai,sholinganallur neelangarai,2020,sholinganallur,neelangarai
440,F:\images\2021\Sholinganallur_Neelangarai.png,Sholinganallur_Neelangarai,sholinganallur neelangarai,2021,sholinganallur,neelangarai
441,F:\images\2022\Sholinganallur_Neelangarai.png,Sholinganallur_Neelangarai,sholinganallur neelangarai,2022,sholinganallur,neelangarai
442,F:\images\2024\Sholinganallur_Neelangarai.png,Sholinganallur_Neelangarai,sholinganallur neelangarai,2024,sholinganallur,neelangarai
443,F:\images\2014\Sholinganallur_Okkiyam_Thoraipakkam.png,Sholinganallur_Okkiyam_Thoraipakkam,sholinganallur okkiyam thoraipakkam,2014,sholinganallur,okkiyam
444,F:\images\2020\Sholinganallur_Okkiyam_Thoraipakkam.png,Sholinganallur_Okkiyam_Thoraipakkam,sholinganallur okkiyam thoraipakkam,2020,sholinganallur,okkiyam
445,F:\images\2021\Sholinganallur_Okkiyam_Thoraipakkam.png,Sholinganallur_Okkiyam_Thoraipakkam,sholinganallur okkiyam thoraipakkam,2021,sholinganallur,okkiyam
446,F:\images\2022\Sholinganallur_Okkiyam_Thoraipakkam.png,Sholinganallur_Okkiyam_Thoraipakkam,sholinganallur okkiyam thoraipakkam,2022,sholinganallur,okkiyam
447,F:\images\2024\Sholinganallur_Okkiyam_Thoraipakkam.png,Sholinganallur_Okkiyam_Thoraipakkam,sholinganallur okkiyam thoraipakkam,2024,sholinganallur,okkiyam
448,F:\images\2014\Sholinganallur_Palavakkam.png,Sholinganallur_Palavakkam,sholinganallur palavakkam,2014,sholinganallur,palavakkam
449,F:\images\2020\Sholinganallur_Palavakkam.png,Sholinganallur_Palavakkam,sholinganallur palavakkam,2020,sholinganallur,palavakkam
450,F:\images\2021\Sholinganallur_Palavakkam.png,Sholinganallur_Palavakkam,sholinganallur palavakkam,2021,sholinganallur,palavakkam
451,F:\images\2022\Sholinganallur_Palavakkam.png,Sholinganallur_Palavakkam,sholinganallur palavakkam,2022,sholinganallur,palavakkam
452,F:\images\2024\Sholinganallur_Palavakkam.png,Sholinganallur_Palavakkam,sholinganallur palavakkam,2024,sholinganallur,palavakkam
453,F:\images\2014\Sholinganallur_Pallikaranai.png,Sholinganallur_Pallikaranai,sholinganallur pallikaranai,2014,sholinganallur,pallikaranai
454,F:\images\2020\Sholinganallur_Pallikaranai.png,Sholinganallur_Pallikaranai,sholinganallur pallikaranai,2020,sholinganallur,pallikaranai
455,F:\images\2021\Sholinganallur_Pallikaranai.png,Sholinganallur_Pallikaranai,sholinganallur pallikaranai,2021,sholinganallur,pallikaranai
456,F:\images\2022\Sholinganallur_Pallikaranai.png,Sholinganallur_Pallikaranai,sholinganallur pallikaranai,2022,sholinganallur,pallikaranai
457,F:\images\2024\Sholinganallur_Pallikaranai.png,Sholinganallur_Pallikaranai,sholinganallur pallikaranai,2024,sholinganallur,pallikaranai
458,F:\images\2014\Sholinganallur_Perungudi.png,Sholinganallur_Perungudi,sholinganallur perungudi,2014,sholinganallur,perungudi
459,F:\images\2020\Sholinganallur_Perungudi.png,Sholinganallur_Perungudi,sholinganallur perungudi,2020,sholinganallur,perungudi
460,F:\images\2021\Sholinganallur_Perungudi.png,Sholinganallur_Perungudi,sholinganallur perungudi,2021,sholinganallur,perungudi
461,F:\images\2022\Sholinganallur_Perungudi.png,Sholinganallur_Perungudi,sholinganallur perungudi,2022,sholinganallur,perungudi
462,F:\images\2024\Sholinganallur_Perungudi.png,Sholinganallur_Perungudi,sholinganallur perungudi,2024,sholinganallur,perungudi
463,F:\images\2014\Sholinganallur_S.Kolathur.png,Sholinganallur_S.Kolathur,sholinganallur s kolathur,2014,sholinganallur,s
464,F:\images\2020\Sholinganallur_S.Kolathur.png,Sholinganallur_S.Kolathur,sholinganallur s kolathur,2020,sholinganallur,s
465,F:\images\2021\Sholinganallur_S.Kolathur.png,Sholinganallur_S.Kolathur,sholinganallur s kolathur,2021,sholinganallur,s
466,F:\images\2022\Sholinganallur_S.Kolathur.png,Sholinganallur_S.Kolathur,sholinganallur s kolathur,2022,sholinganallur,s
467,F:\images\2024\Sholinganallur_S.Kolathur.png,Sholinganallur_S.Kolathur,sholinganallur s kolathur,2024,sholinganallur,s
468,F:\images\2014\Sholinganallur_Seevaram.png,Sholinganallur_Seevaram,sholinganallur seevaram,2014,sholinganallur,seevaram
469,F:\images\2020\Sholinganallur_Seevaram.png,Sholinganallur_Seevaram,sholinganallur seevaram,2020,sholinganallur,seevaram
470,F:\images\2021\Sholinganallur_Seevaram.png,Sholinganallur_Seevaram,sholinganallur seevaram,2021,sholinganallur,seevaram
471,F:\images\2022\Sholinganallur_Seevaram.png,Sholinganallur_Seevaram,sholinganallur seevaram,2022,sholinganallur,seevaram
472,F:\images\2024\Sholinganallur_Seevaram.png,Sholinganallur_Seevaram,sholinganallur seevaram,2024,sholinganallur,seevaram
473,F:\images\2014\Sholinganallur_Semmancheri.png,Sholinganallur_Semmancheri,sholinganallur semmancheri,2014,sholinganallur,semmancheri
474,F:\images\2020\Sholinganallur_Semmancheri.png,Sholinganallur_Semmancheri,sholinganallur semmancheri,2020,sholinganallur,semmancheri
475,F:\images\2021\Sholinganallur_Semmancheri.png,Sholinganallur_Semmancheri,sholinganallur semmancheri,2021,sholinganallur,semmancheri
476,F:\images\2022\Sholinganallur_Semmancheri.png,Sholinganallur_Semmancheri,sholinganallur semmancheri,2022,sholinganallur,semmancheri
477,F:\images\2024\Sholinganallur_Semmancheri.png,Sholinganallur_Semmancheri,sholinganallur semmancheri,2024,sholinganallur,semmancheri
478,F:\images\2014\Sholinganallur_Sholinganallur‑I.png,Sholinganallur_Sholinganallur‑I,sholinganallur sholinganallur i,2014,sholinganallur,sholinganallur
479,F:\images\2020\Sholinganallur_Sholinganallur‑I.png,Sholinganallur_Sholinganallur‑I,sholinganallur sholinganallur i,2020,sholinganallur,sholinganallur
480,F:\images\2021\Sholinganallur_Sholinganallur‑I.png,Sholinganallur_Sholinganallur‑I,sholinganallur sholinganallur i,2021,sholinganallur,sholinganallur
481,F:\images\2022\Sholinganallur_Sholinganallur‑I.png,Sholinganallur_Sholinganallur‑I,sholinganallur sholinganallur i,2022,sholinganallur,sholinganallur
482,F:\images\2024\Sholinganallur_Sholinganallur‑I.png,Sholinganallur_Sholinganallur‑I,sholinganallur sholinganallur i,2024,sholinganallur,sholinganallur
483,F:\images\2014\Sholinganallur_Sholinganallur‑II.png,Sholinganallur_Sholinganallur‑II,sholinganallur sholinganallur ii,2014,sholinganallur,sholinganallur
484,F:\images\2020\Sholinganallur_Sholinganallur‑II.png,Sholinganallur_Sholinganallur‑II,sholinganallur sholinganallur ii,2020,sholinganallur,sholinganallur
485,F:\images\2021\Sholinganallur_Sholinganallur‑II.png,Sholinganallur_Sholinganallur‑II,sholinganallur sholinganallur ii,2021,sholinganallur,sholinganallur
486,F:\images\2022\Sholinganallur_Sholinganallur‑II.png,Sholinganallur_Sholinganallur‑II,sholinganallur sholinganallur ii,2022,sholinganallur,sholinganallur
487,F:\images\2024\Sholinganallur_Sholinganallur‑II.png,Sholinganallur_Sholinganallur‑II,sholinganallur sholinganallur ii,2024,sholinganallur,sholinganallur
488,F:\images\2014\Sholinganallur_Ullagaram.png,Sholinganallur_Ullagaram,sholinganallur ullagaram,2014,sholinganallur,ullagaram
489,F:\images\2020\Sholinganallur_Ullagaram.png,Sholinganallur_Ullagaram,sholinganallur ullagaram,2020,sholinganallur,ullagaram
490,F:\images\2021\Sholinganallur_Ullagaram.png,Sholinganallur_Ullagaram,sholinganallur ullagaram,2021,sholinganallur,ullagaram
491,F:\images\2022\Sholinganallur_Ullagaram.png,Sholinganallur_Ullagaram,sholinganallur ullagaram,2022,sholinganallur,ullagaram
492,F:\images\2024\Sholinganallur_Ullagaram.png,Sholinganallur_Ullagaram,sholinganallur ullagaram,2024,sholinganallur,ullagaram
493,F:\images\2014\Sholinganallur_Uthandi.png,Sholinganallur_Uthandi,sholinganallur uthandi,2014,sholinganallur,uthandi
494,F:\images\2020\Sholinganallur_Uthandi.png,Sholinganallur_Uthandi,sholinganallur uthandi,2020,sholinganallur,uthandi
495,F:\images\2021\Sholinganallur_Uthandi.png,Sholinganallur_Uthandi,sholinganallur uthandi,2021,sholinganallur,uthandi
496,F:\images\2022\Sholinganallur_Uthandi.png,Sholinganallur_Uthandi,sholinganallur uthandi,2022,sholinganallur,uthandi
497,F:\images\2024\Sholinganallur_Uthandi.png,Sholinganallur_Uthandi,sholinganallur uthandi,2024,sholinganallur,uthandi
498,F:\images\2014\Tiruvottiyur_Aamullaivayal.png,Tiruvottiyur_Aamullaivayal,tiruvottiyur aamullaivayal,2014,tiruvottiyur,aamullaivayal
499,F:\images\2020\Tiruvottiyur_Aamullaivayal.png,Tiruvottiyur_Aamullaivayal,tiruvottiyur aamullaivayal,2020,tiruvottiyur,aamullaivayal
500,F:\images\2021\Tiruvottiyur_Aamullaivayal.png,Tiruvottiyur_Aamullaivayal,tiruvottiyur aamullaivayal,2021,tiruvottiyur,aamullaivayal
501,F:\images\2022\Tiruvottiyur_Aamullaivayal.png,Tiruvottiyur_Aamullaivayal,tiruvottiyur aamullaivayal,2022,tiruvottiyur,aamullaivayal
502,F:\images\2024\Tiruvottiyur_Aamullaivayal.png,Tiruvottiyur_Aamullaivayal,tiruvottiyur aamullaivayal,2024,tiruvottiyur,aamullaivayal
503,F:\images\2025\Tiruvottiyur_Aamullaivayal.png,Tiruvottiyur_Aamullaivayal,tiruvottiyur aamullaivayal,2025,tiruvottiyur,aamullaivayal
504,F:\images\2014\Tiruvottiyur_Ariyalur.png,Tiruvottiyur_Ariyalur,tiruvottiyur ariyalur,2014,tiruvottiyur,ariyalur
505,F:\images\2020\Tiruvottiyur_Ariyalur.png,Tiruvottiyur_Ariyalur,tiruvottiyur ariyalur,2020,tiruvottiyur,ariyalur
506,F:\images\2021\Tiruvottiyur_Ariyalur.png,Tiruvottiyur_Ariyalur,tiruvottiyur ariyalur,2021,tiruvottiyur,ariyalur
507,F:\images\2022\Tiruvottiyur_Ariyalur.png,Tiruvottiyur_Ariyalur,tiruvottiyur ariyalur,2022,tiruvottiyur,ariyalur
508,F:\images\2024\Tiruvottiyur_Ariyalur.png,Tiruvottiyur_Ariyalur,tiruvottiyur ariyalur,2024,tiruvottiyur,ariyalur
509,F:\images\2025\Tiruvottiyur_Ariyalur.png,Tiruvottiyur_Ariyalur,tiruvottiyur ariyalur,2025,tiruvottiyur,ariyalur
510,F:\images\2014\Tiruvottiyur_Ariyalur - Copy.png,Tiruvottiyur_Ariyalur - Copy,tiruvottiyur ariyalur copy,2014,tiruvottiyur,ariyalur
511,F:\images\2014\Tiruvottiyur_Chinna_Sekkadu.png,Tiruvottiyur_Chinna_Sekkadu,tiruvottiyur chinna sekkadu,2014,tiruvottiyur,chinna
512,F:\images\2020\Tiruvottiyur_Chinna_Sekkadu.png,Tiruvottiyur_Chinna_Sekkadu,tiruvottiyur chinna sekkadu,2020,tiruvottiyur,chinna
513,F:\images\2021\Tiruvottiyur_Chinna_Sekkadu.png,Tiruvottiyur_Chinna_Sekkadu,tiruvottiyur chinna sekkadu,2021,tiruvottiyur,chinna
514,F:\images\2022\Tiruvottiyur_Chinna_Sekkadu.png,Tiruvottiyur_Chinna_Sekkadu,tiruvottiyur chinna sekkadu,2022,tiruvottiyur,chinna
515,F:\images\2024\Tiruvottiyur_Chinna_Sekkadu.png,Tiruvottiyur_Chinna_Sekkadu,tiruvottiyur chinna sekkadu,2024,tiruvottiyur,chinna
516,F:\images\2025\Tiruvottiyur_Chinna_Sekkadu.png,Tiruvottiyur_Chinna_Sekkadu,tiruvottiyur chinna sekkadu,2025,tiruvottiyur,chinna
517,F:\images\2014\Tiruvottiyur_Chinna_Sekkadu - Copy.png,Tiruvottiyur_Chinna_Sekkadu - Copy,tiruvottiyur chinna sekkadu copy,2014,tiruvottiyur,chinna
518,F:\images\2014\Tiruvottiyur_Edayanchavadi‑I.png,Tiruvottiyur_Edayanchavadi‑I,tiruvottiyur edayanchavadi i,2014,tiruvottiyur,edayanchavadi
519,F:\images\2020\Tiruvottiyur_Edayanchavadi‑I.png,Tiruvottiyur_Edayanchavadi‑I,tiruvottiyur edayanchavadi i,2020,tiruvottiyur,edayanchavadi
520,F:\images\2021\Tiruvottiyur_Edayanchavadi‑I.png,Tiruvottiyur_Edayanchavadi‑I,tiruvottiyur edayanchavadi i,2021,tiruvottiyur,edayanchavadi
521,F:\images\2022\Tiruvottiyur_Edayanchavadi‑I.png,Tiruvottiyur_Edayanchavadi‑I,tiruvottiyur edayanchavadi i,2022,tiruvottiyur,edayanchavadi
522,F:\images\2024\Tiruvottiyur_Edayanchavadi‑I.png,Tiruvottiyur_Edayanchavadi‑I,tiruvottiyur edayanchavadi i,2024,tiruvottiyur,edayanchavadi
523,F:\images\2025\Tiruvottiyur_Edayanchavadi‑I.png,Tiruvottiyur_Edayanchavadi‑I,tiruvottiyur edayanchavadi i,2025,tiruvottiyur,edayanchavadi
524,F:\images\2014\Tiruvottiyur_Edayanchavadi‑II.png,Tiruvottiyur_Edayanchavadi‑II,tiruvottiyur edayanchavadi ii,2014,tiruvottiyur,edayanchavadi
525,F:\images\2020\Tiruvottiyur_Edayanchavadi‑II.png,Tiruvottiyur_Edayanchavadi‑II,tiruvottiyur edayanchavadi ii,2020,tiruvottiyur,edayanchavadi
526,F:\images\2021\Tiruvottiyur_Edayanchavadi‑II.png,Tiruvottiyur_Edayanchavadi‑II,tiruvottiyur edayanchavadi ii,2021,tiruvottiyur,edayanchavadi
527,F:\images\2022\Tiruvottiyur_Edayanchavadi‑II.png,Tiruvottiyur_Edayanchavadi‑II,tiruvottiyur edayanchavadi ii,2022,tiruvottiyur,edayanchavadi
528,F:\images\2024\Tiruvottiyur_Edayanchavadi‑II.png,Tiruvottiyur_Edayanchavadi‑II,tiruvottiyur edayanchavadi ii,2024,tiruvottiyur,edayanchavadi
529,F:\images\2025\Tiruvottiyur_Edayanchavadi‑II.png,Tiruvottiyur_Edayanchavadi‑II,tiruvottiyur edayanchavadi ii,2025,tiruvottiyur,edayanchavadi
530,F:\images\2014\Tiruvottiyur_Elandancherry.png,Tiruvottiyur_Elandancherry,tiruvottiyur elandancherry,2014,tiruvottiyur,elandancherry
531,F:\images\2020\Tiruvottiyur_Elandancherry.png,Tiruvottiyur_Elandancherry,tiruvottiyur elandancherry,2020,tiruvottiyur,elandancherry
532,F:\images\2021\Tiruvottiyur_Elandancherry.png,Tiruvottiyur_Elandancherry,tiruvottiyur elandancherry,2021,tiruvottiyur,elandancherry
533,F:\images\2022\Tiruvottiyur_Elandancherry.png,Tiruvottiyur_Elandancherry,tiruvottiyur elandancherry,2022,tiruvottiyur,elandancherry
534,F:\images\2024\Tiruvottiyur_Elandancherry.png,Tiruvottiyur_Elandancherry,tiruvottiyur elandancherry,2024,tiruvottiyur,elandancherry
535,F:\images\2025\Tiruvottiyur_Elandancherry.png,Tiruvottiyur_Elandancherry,tiruvottiyur elandancherry,2025,tiruvottiyur,elandancherry
536,F:\images\2014\Tiruvottiyur_Ernavoor.png,Tiruvottiyur_Ernavoor,tiruvottiyur ernavoor,2014,tiruvottiyur,ernavoor
537,F:\images\2020\Tiruvottiyur_Ernavoor.png,Tiruvottiyur_Ernavoor,tiruvottiyur ernavoor,2020,tiruvottiyur,ernavoor
538,F:\images\2021\Tiruvottiyur_Ernavoor.png,Tiruvottiyur_Ernavoor,tiruvottiyur ernavoor,2021,tiruvottiyur,ernavoor
539,F:\images\2022\Tiruvottiyur_Ernavoor.png,Tiruvottiyur_Ernavoor,tiruvottiyur ernavoor,2022,tiruvottiyur,ernavoor
540,F:\images\2024\Tiruvottiyur_Ernavoor.png,Tiruvottiyur_Ernavoor,tiruvottiyur ernavoor,2024,tiruvottiyur,ernavoor
541,F:\images\2025\Tiruvottiyur_Ernavoor.png,Tiruvottiyur_Ernavoor,tiruvottiyur ernavoor,2025,tiruvottiyur,ernavoor
542,F:\images\2014\Tiruvottiyur_Kadapakkam.png,Tiruvottiyur_Kadapakkam,tiruvottiyur kadapakkam,2014,tiruvottiyur,kadapakkam
543,F:\images\2020\Tiruvottiyur_Kadapakkam.png,Tiruvottiyur_Kadapakkam,tiruvottiyur kadapakkam,2020,tiruvottiyur,kadapakkam
544,F:\images\2021\Tiruvottiyur_Kadapakkam.png,Tiruvottiyur_Kadapakkam,tiruvottiyur kadapakkam,2021,tiruvottiyur,kadapakkam
545,F:\images\2022\Tiruvottiyur_Kadapakkam.png,Tiruvottiyur_Kadapakkam,tiruvottiyur kadapakkam,2022,tiruvottiyur,kadapakkam
546,F:\images\2024\Tiruvottiyur_Kadapakkam.png,Tiruvottiyur_Kadapakkam,tiruvottiyur kadapakkam,2024,tiruvottiyur,kadapakkam
547,F:\images\2025\Tiruvottiyur_Kadapakkam.png,Tiruvottiyur_Kadapakkam,tiruvottiyur kadapakkam,2025,tiruvottiyur,kadapakkam
548,F:\images\2014\Tiruvottiyur_Kathivakkam.png,Tiruvottiyur_Kathivakkam,tiruvottiyur kathivakkam,2014,tiruvottiyur,kathivakkam
549,F:\images\2020\Tiruvottiyur_Kathivakkam.png,Tiruvottiyur_Kathivakkam,tiruvottiyur kathivakkam,2020,tiruvottiyur,kathivakkam
550,F:\images\2021\Tiruvottiyur_Kathivakkam.png,Tiruvottiyur_Kathivakkam,tiruvottiyur kathivakkam,2021,tiruvottiyur,kathivakkam
551,F:\images\2022\Tiruvottiyur_Kathivakkam.png,Tiruvottiyur_Kathivakkam,tiruvottiyur kathivakkam,2022,tiruvottiyur,kathivakkam
552,F:\images\2024\Tiruvottiyur_Kathivakkam.png,Tiruvottiyur_Kathivakkam,tiruvottiyur kathivakkam,2024,tiruvottiyur,kathivakkam
553,F:\images\2025\Tiruvottiyur_Kathivakkam.png,Tiruvottiyur_Kathivakkam,tiruvottiyur kathivakkam,2025,tiruvottiyur,kathivakkam
554,F:\images\2014\Tiruvottiyur_Manali.png,Tiruvottiyur_Manali,tiruvottiyur manali,2014,tiruvottiyur,manali
555,F:\images\2020\Tiruvottiyur_Manali.png,Tiruvottiyur_Manali,tiruvottiyur manali,2020,tiruvottiyur,manali
556,F:\images\2021\Tiruvottiyur_Manali.png,Tiruvottiyur_Manali,tiruvottiyur manali,2021,tiruvottiyur,manali
557,F:\images\2022\Tiruvottiyur_Manali.png,Tiruvottiyur_Manali,tiruvottiyur manali,2022,tiruvottiyur,manali
558,F:\images\2024\Tiruvottiyur_Manali.png,Tiruvottiyur_Manali,tiruvottiyur manali,2024,tiruvottiyur,manali
559,F:\images\2025\Tiruvottiyur_Manali.png,Tiruvottiyur_Manali,tiruvottiyur manali,2025,tiruvottiyur,manali
560,F:\images\2014\Tiruvottiyur_Sadayankuppam.png,Tiruvottiyur_Sadayankuppam,tiruvottiyur sadayankuppam,2014,tiruvottiyur,sadayankuppam
561,F:\images\2020\Tiruvottiyur_Sadayankuppam.png,Tiruvottiyur_Sadayankuppam,tiruvottiyur sadayankuppam,2020,tiruvottiyur,sadayankuppam
562,F:\images\2021\Tiruvottiyur_Sadayankuppam.png,Tiruvottiyur_Sadayankuppam,tiruvottiyur sadayankuppam,2021,tiruvottiyur,sadayankuppam
563,F:\images\2022\Tiruvottiyur_Sadayankuppam.png,Tiruvottiyur_Sadayankuppam,tiruvottiyur sadayankuppam,2022,tiruvottiyur,sadayankuppam
564,F:\images\2024\Tiruvottiyur_Sadayankuppam.png,Tiruvottiyur_Sadayankuppam,tiruvottiyur sadayankuppam,2024,tiruvottiyur,sadayankuppam
565,F:\images\2025\Tiruvottiyur_Sadayankuppam.png,Tiruvottiyur_Sadayankuppam,tiruvottiyur sadayankuppam,2025,tiruvottiyur,sadayankuppam
566,F:\images\2014\Tiruvottiyur_Sathangadu.png,Tiruvottiyur_Sathangadu,tiruvottiyur sathangadu,2014,tiruvottiyur,sathangadu
567,F:\images\2020\Tiruvottiyur_Sathangadu.png,Tiruvottiyur_Sathangadu,tiruvottiyur sathangadu,2020,tiruvottiyur,sathangadu
568,F:\images\2021\Tiruvottiyur_Sathangadu.png,Tiruvottiyur_Sathangadu,tiruvottiyur sathangadu,2021,tiruvottiyur,sathangadu
569,F:\images\2022\Tiruvottiyur_Sathangadu.png,Tiruvottiyur_Sathangadu,tiruvottiyur sathangadu,2022,tiruvottiyur,sathangadu
570,F:\images\2024\Tiruvottiyur_Sathangadu.png,Tiruvottiyur_Sathangadu,tiruvottiyur sathangadu,2024,tiruvottiyur,sathangadu
571,F:\images\2025\Tiruvottiyur_Sathangadu.png,Tiruvottiyur_Sathangadu,tiruvottiyur sathangadu,2025,tiruvottiyur,sathangadu
572,F:\images\2014\Tiruvottiyur_Theyambakkam.png,Tiruvottiyur_Theyambakkam,tiruvottiyur theyambakkam,2014,tiruvottiyur,theyambakkam
573,F:\images\2020\Tiruvottiyur_Theyambakkam.png,Tiruvottiyur_Theyambakkam,tiruvottiyur theyambakkam,2020,tiruvottiyur,theyambakkam
574,F:\images\2021\Tiruvottiyur_Theyambakkam.png,Tiruvottiyur_Theyambakkam,tiruvottiyur theyambakkam,2021,tiruvottiyur,theyambakkam
575,F:\images\2022\Tiruvottiyur_Theyambakkam.png,Tiruvottiyur_Theyambakkam,tiruvottiyur theyambakkam,2022,tiruvottiyur,theyambakkam
576,F:\images\2024\Tiruvottiyur_Theyambakkam.png,Tiruvottiyur_Theyambakkam,tiruvottiyur theyambakkam,2024,tiruvottiyur,theyambakkam
577,F:\images\2025\Tiruvottiyur_Theyambakkam.png,Tiruvottiyur_Theyambakkam,tiruvottiyur theyambakkam,2025,tiruvottiyur,theyambakkam
578,F:\images\2014\Tiruvottiyur_Tiruvottiyur‑1.png,Tiruvottiyur_Tiruvottiyur‑1,tiruvottiyur tiruvottiyur 1,2014,tiruvottiyur,tiruvottiyur
579,F:\images\2020\Tiruvottiyur_Tiruvottiyur‑1.png,Tiruvottiyur_Tiruvottiyur‑1,tiruvottiyur tiruvottiyur 1,2020,tiruvottiyur,tiruvottiyur
580,F:\images\2021\Tiruvottiyur_Tiruvottiyur‑1.png,Tiruvottiyur_Tiruvottiyur‑1,tiruvottiyur tiruvottiyur 1,2021,tiruvottiyur,tiruvottiyur
581,F:\images\2022\Tiruvottiyur_Tiruvottiyur‑1.png,Tiruvottiyur_Tiruvottiyur‑1,tiruvottiyur tiruvottiyur 1,2022,tiruvottiyur,tiruvottiyur
582,F:\images\2024\Tiruvottiyur_Tiruvottiyur‑1.png,Tiruvottiyur_Tiruvottiyur‑1,tiruvottiyur tiruvottiyur 1,2024,tiruvottiyur,tiruvottiyur
583,F:\images\2025\Tiruvottiyur_Tiruvottiyur‑1.png,Tiruvottiyur_Tiruvottiyur‑1,tiruvottiyur tiruvottiyur 1,2025,tiruvottiyur,tiruvottiyur
584,F:\images\2014\Tiruvottiyur_Tiruvottiyur‑2.png,Tiruvottiyur_Tiruvottiyur‑2,tiruvottiyur tiruvottiyur 2,2014,tiruvottiyur,tiruvottiyur
585,F:\images\2020\Tiruvottiyur_Tiruvottiyur‑2.png,Tiruvottiyur_Tiruvottiyur‑2,tiruvottiyur tiruvottiyur 2,2020,tiruvottiyur,tiruvottiyur
586,F:\images\2021\Tiruvottiyur_Tiruvottiyur‑2.png,Tiruvottiyur_Tiruvottiyur‑2,tiruvottiyur tiruvottiyur 2,2021,tiruvottiyur,tiruvottiyur
587,F:\images\2022\Tiruvottiyur_Tiruvottiyur‑2.png,Tiruvottiyur_Tiruvottiyur‑2,tiruvottiyur tiruvottiyur 2,2022,tiruvottiyur,tiruvottiyur
588,F:\images\2024\Tiruvottiyur_Tiruvottiyur‑2.png,Tiruvottiyur_Tiruvottiyur‑2,tiruvottiyur tiruvottiyur 2,2024,tiruvottiyur,tiruvottiyur
589,F:\images\2025\Tiruvottiyur_Tiruvottiyur‑2.png,Tiruvottiyur_Tiruvottiyur‑2,tiruvottiyur tiruvottiyur 2,2025,tiruvottiyur,tiruvottiyur
590,F:\images\2014\Tiruvottiyur_Vaikkadu.png,Tiruvottiyur_Vaikkadu,tiruvottiyur vaikkadu,2014,tiruvottiyur,vaikkadu
591,F:\images\2020\Tiruvottiyur_Vaikkadu.png,Tiruvottiyur_Vaikkadu,tiruvottiyur vaikkadu,2020,tiruvottiyur,vaikkadu
592,F:\images\2021\Tiruvottiyur_Vaikkadu.png,Tiruvottiyur_Vaikkadu,tiruvottiyur vaikkadu,2021,tiruvottiyur,vaikkadu
593,F:\images\2022\Tiruvottiyur_Vaikkadu.png,Tiruvottiyur_Vaikkadu,tiruvottiyur vaikkadu,2022,tiruvottiyur,vaikkadu
594,F:\images\2024\Tiruvottiyur_Vaikkadu.png,Tiruvottiyur_Vaikkadu,tiruvottiyur vaikkadu,2024,tiruvottiyur,vaikkadu
595,F:\images\2025\Tiruvottiyur_Vaikkadu.png,Tiruvottiyur_Vaikkadu,tiruvottiyur vaikkadu,2025,tiruvottiyur,vaikkadu
596,F:\images\2014\Tondiarpet_Tondiarpet_(Part_I).png,Tondiarpet_Tondiarpet_(Part_I),tondiarpet tondiarpet part i,2014,tondiarpet,tondiarpet
597,F:\images\2020\Tondiarpet_Tondiarpet_(Part_I).png,Tondiarpet_Tondiarpet_(Part_I),tondiarpet tondiarpet part i,2020,tondiarpet,tondiarpet
598,F:\images\2021\Tondiarpet_Tondiarpet_(Part_I).png,Tondiarpet_Tondiarpet_(Part_I),tondiarpet tondiarpet part i,2021,tondiarpet,tondiarpet
599,F:\images\2022\Tondiarpet_Tondiarpet_(Part_I).png,Tondiarpet_Tondiarpet_(Part_I),tondiarpet tondiarpet part i,2022,tondiarpet,tondiarpet
600,F:\images\2024\Tondiarpet_Tondiarpet_(Part_I).png,Tondiarpet_Tondiarpet_(Part_I),tondiarpet tondiarpet part i,2024,tondiarpet,tondiarpet
601,F:\images\2025\Tondiarpet_Tondiarpet_(Part_I).png,Tondiarpet_Tondiarpet_(Part_I),tondiarpet tondiarpet part i,2025,tondiarpet,tondiarpet
602,F:\images\2014\Tondiarpet_Tondiarpet_(Part_II).png,Tondiarpet_Tondiarpet_(Part_II),tondiarpet tondiarpet part ii,2014,tondiarpet,tondiarpet
603,F:\images\2020\Tondiarpet_Tondiarpet_(Part_II).png,Tondiarpet_Tondiarpet_(Part_II),tondiarpet tondiarpet part ii,2020,tondiarpet,tondiarpet
604,F:\images\2021\Tondiarpet_Tondiarpet_(Part_II).png,Tondiarpet_Tondiarpet_(Part_II),tondiarpet tondiarpet part ii,2021,tondiarpet,tondiarpet
605,F:\images\2022\Tondiarpet_Tondiarpet_(Part_II).png,Tondiarpet_Tondiarpet_(Part_II),tondiarpet tondiarpet part ii,2022,tondiarpet,tondiarpet
606,F:\images\2024\Tondiarpet_Tondiarpet_(Part_II).png,Tondiarpet_Tondiarpet_(Part_II),tondiarpet tondiarpet part ii,2024,tondiarpet,tondiarpet
607,F:\images\2025\Tondiarpet_Tondiarpet_(Part_II).png,Tondiarpet_Tondiarpet_(Part_II),tondiarpet tondiarpet part ii,2025,tondiarpet,tondiarpet
608,F:\images\2014\Tondiarpet_Tondiarpet_(Part_III).png,Tondiarpet_Tondiarpet_(Part_III),tondiarpet tondiarpet part iii,2014,tondiarpet,tondiarpet
609,F:\images\2020\Tondiarpet_Tondiarpet_(Part_III).png,Tondiarpet_Tondiarpet_(Part_III),tondiarpet tondiarpet part iii,2020,tondiarpet,tondiarpet
610,F:\images\2021\Tondiarpet_Tondiarpet_(Part_III).png,Tondiarpet_Tondiarpet_(Part_III),tondiarpet tondiarpet part iii,2021,tondiarpet,tondiarpet
611,F:\images\2022\Tondiarpet_Tondiarpet_(Part_III).png,Tondiarpet_Tondiarpet_(Part_III),tondiarpet tondiarpet part iii,2022,tondiarpet,tondiarpet
612,F:\images\2024\Tondiarpet_Tondiarpet_(Part_III).png,Tondiarpet_Tondiarpet_(Part_III),tondiarpet tondiarpet part iii,2024,tondiarpet,tondiarpet
613,F:\images\2025\Tondiarpet_Tondiarpet_(Part_III).png,Tondiarpet_Tondiarpet_(Part_III),tondiarpet tondiarpet part iii,2025,tondiarpet,tondiarpet
614,F:\images\2014\Tondiarpet_Tondiarpet_(Part_IV).png,Tondiarpet_Tondiarpet_(Part_IV),tondiarpet tondiarpet part iv,2014,tondiarpet,tondiarpet
615,F:\images\2020\Tondiarpet_Tondiarpet_(Part_IV).png,Tondiarpet_Tondiarpet_(Part_IV),tondiarpet tondiarpet part iv,2020,tondiarpet,tondiarpet
616,F:\images\2021\Tondiarpet_Tondiarpet_(Part_IV).png,Tondiarpet_Tondiarpet_(Part_IV),tondiarpet tondiarpet part iv,2021,tondiarpet,tondiarpet
617,F:\images\2022\Tondiarpet_Tondiarpet_(Part_IV).png,Tondiarpet_Tondiarpet_(Part_IV),tondiarpet tondiarpet part iv,2022,tondiarpet,tondiarpet
618,F:\images\2024\Tondiarpet_Tondiarpet_(Part_IV).png,Tondiarpet_Tondiarpet_(Part_IV),tondiarpet tondiarpet part iv,2024,tondiarpet,tondiarpet
619,F:\images\2025\Tondiarpet_Tondiarpet_(Part_IV).png,Tondiarpet_Tondiarpet_(Part_IV),tondiarpet tondiarpet part iv,2025,tondiarpet,tondiarpet
620,F:\images\2014\Velachery_Kalikundram.png,Velachery_Kalikundram,velachery kalikundram,2014,velachery,kalikundram
621,F:\images\2020\Velachery_Kalikundram.png,Velachery_Kalikundram,velachery kalikundram,2020,velachery,kalikundram
622,F:\images\2021\Velachery_Kalikundram.png,Velachery_Kalikundram,velachery kalikundram,2021,velachery,kalikundram
623,F:\images\2022\Velachery_Kalikundram.png,Velachery_Kalikundram,velachery kalikundram,2022,velachery,kalikundram
624,F:\images\2024\Velachery_Kalikundram.png,Velachery_Kalikundram,velachery kalikundram,2024,velachery,kalikundram
625,F:\images\2025\Velachery_Kalikundram.png,Velachery_Kalikundram,velachery kalikundram,2025,velachery,kalikundram
626,F:\images\2014\Velachery_Kanagam.png,Velachery_Kanagam,velachery kanagam,2014,velachery,kanagam
627,F:\images\2020\Velachery_Kanagam.png,Velachery_Kanagam,velachery kanagam,2020,velachery,kanagam
628,F:\images\2021\Velachery_Kanagam.png,Velachery_Kanagam,velachery kanagam,2021,velachery,kanagam
629,F:\images\2022\Velachery_Kanagam.png,Velachery_Kanagam,velachery kanagam,2022,velachery,kanagam
630,F:\images\2024\Velachery_Kanagam.png,Velachery_Kanagam,velachery kanagam,2024,velachery,kanagam
631,F:\images\2025\Velachery_Kanagam.png,Velachery_Kanagam,velachery kanagam,2025,velachery,kanagam
632,F:\images\2014\Velachery_Pallipattu.png,Velachery_Pallipattu,velachery pallipattu,2014,velachery,pallipattu
633,F:\images\2020\Velachery_Pallipattu.png,Velachery_Pallipattu,velachery pallipattu,2020,velachery,pallipattu
634,F:\images\2021\Velachery_Pallipattu.png,Velachery_Pallipattu,velachery pallipattu,2021,velachery,pallipattu
635,F:\images\2022\Velachery_Pallipattu.png,Velachery_Pallipattu,velachery pallipattu,2022,velachery,pallipattu
636,F:\images\2024\Velachery_Pallipattu.png,Velachery_Pallipattu,velachery pallipattu,2024,velachery,pallipattu
637,F:\images\2025\Velachery_Pallipattu.png,Velachery_Pallipattu,velachery pallipattu,2025,velachery,pallipattu
638,F:\images\2014\Velachery_Taramani.png,Velachery_Taramani,velachery taramani,2014,velachery,taramani
639,F:\images\2020\Velachery_Taramani.png,Velachery_Taramani,velachery taramani,2020,velachery,taramani
640,F:\images\2021\Velachery_Taramani.png,Velachery_Taramani,velachery taramani,2021,velachery,taramani
641,F:\images\2022\Velachery_Taramani.png,Velachery_Taramani,velachery taramani,2022,velachery,taramani
642,F:\images\2024\Velachery_Taramani.png,Velachery_Taramani,velachery taramani,2024,velachery,taramani
643,F:\images\2025\Velachery_Taramani.png,Velachery_Taramani,velachery taramani,2025,velachery,taramani
644,F:\images\2014\Velachery_Thiruvanmiyur.png,Velachery_Thiruvanmiyur,velachery thiruvanmiyur,2014,velachery,thiruvanmiyur
645,F:\images\2020\Velachery_Thiruvanmiyur.png,Velachery_Thiruvanmiyur,velachery thiruvanmiyur,2020,velachery,thiruvanmiyur
646,F:\images\2021\Velachery_Thiruvanmiyur.png,Velachery_Thiruvanmiyur,velachery thiruvanmiyur,2021,velachery,thiruvanmiyur
647,F:\images\2022\Velachery_Thiruvanmiyur.png,Velachery_Thiruvanmiyur,velachery thiruvanmiyur,2022,velachery,thiruvanmiyur
648,F:\images\2024\Velachery_Thiruvanmiyur.png,Velachery_Thiruvanmiyur,velachery thiruvanmiyur,2024,velachery,thiruvanmiyur
649,F:\images\2025\Velachery_Thiruvanmiyur.png,Velachery_Thiruvanmiyur,velachery thiruvanmiyur,2025,velachery,thiruvanmiyur
650,F:\images\2014\Velachery_Urur.png,Velachery_Urur,velachery urur,2014,velachery,urur
651,F:\images\2020\Velachery_Urur.png,Velachery_Urur,velachery urur,2020,velachery,urur
652,F:\images\2021\Velachery_Urur.png,Velachery_Urur,velachery urur,2021,velachery,urur
653,F:\images\2022\Velachery_Urur.png,Velachery_Urur,velachery urur,2022,velachery,urur
654,F:\images\2024\Velachery_Urur.png,Velachery_Urur,velachery urur,2024,velachery,urur
655,F:\images\2025\Velachery_Urur.png,Velachery_Urur,velachery urur,2025,velachery,urur
656,F:\images\2014\Velachery_Velachery_(Part_I).png,Velachery_Velachery_(Part_I),velachery velachery part i,2014,velachery,velachery
657,F:\images\2020\Velachery_Velachery_(Part_I).png,Velachery_Velachery_(Part_I),velachery velachery part i,2020,velachery,velachery
658,F:\images\2021\Velachery_Velachery_(Part_I).png,Velachery_Velachery_(Part_I),velachery velachery part i,2021,velachery,velachery
659,F:\images\2022\Velachery_Velachery_(Part_I).png,Velachery_Velachery_(Part_I),velachery velachery part i,2022,velachery,velachery
660,F:\images\2024\Velachery_Velachery_(Part_I).png,Velachery_Velachery_(Part_I),velachery velachery part i,2024,velachery,velachery
661,F:\images\2025\Velachery_Velachery_(Part_I).png,Velachery_Velachery_(Part_I),velachery velachery part i,2025,velachery,velachery
662,F:\images\2014\Velachery_Velachery_(Part_II).png,Velachery_Velachery_(Part_II),velachery velachery part ii,2014,velachery,velachery
663,F:\images\2020\Velachery_Velachery_(Part_II).png,Velachery_Velachery_(Part_II),velachery velachery part ii,2020,velachery,velachery
664,F:\images\2021\Velachery_Velachery_(Part_II).png,Velachery_Velachery_(Part_II),velachery velachery part ii,2021,velachery,velachery
665,F:\images\2022\Velachery_Velachery_(Part_II).png,Velachery_Velachery_(Part_II),velachery velachery part ii,2022,velachery,velachery
666,F:\images\2024\Velachery_Velachery_(Part_II).png,Velachery_Velachery_(Part_II),velachery velachery part ii,2024,velachery,velachery
667,F:\images\2025\Velachery_Velachery_(Part_II).png,Velachery_Velachery_(Part_II),velachery velachery part ii,2025,velachery,velachery
