location,location_normalized,year,image_path
Alandur_Adambakkam,alandur adambakkam,2014,F:\images\2014\Alandur_Adambakkam.png
Alandur_Adambakkam,alandur adambakkam,2020,F:\images\2020\Alandur_Adambakkam.png
Alandur_Adambakkam,alandur adambakkam,2021,F:\images\2021\Alandur_Adambakkam.png
Alandur_Adambakkam,alandur adambakkam,2022,F:\images\2022\Alandur_Adambakkam.png
Alandur_Adambakkam,alandur adambakkam,2024,F:\images\2024\Alandur_Adambakkam.png
Alandur_Alandur,alandur alandur,2014,F:\images\2014\Alandur_Alandur.png
Alandur_Alandur,alandur alandur,2020,F:\images\2020\Alandur_Alandur.png
Alandur_Alandur,alandur alandur,2021,F:\images\2021\Alandur_Alandur.png
Alandur_Alandur,alandur alandur,2022,F:\images\2022\Alandur_Alandur.png
Alandur_Alandur,alandur alandur,2024,F:\images\2024\Alandur_Alandur.png
Alandur_Madanandapuram,alandur madanandapuram,2014,F:\images\2014\Alandur_Madanandapuram.png
Alandur_Madanandapuram,alandur madanandapuram,2020,F:\images\2020\Alandur_Madanandapuram.png
Alandur_Madanandapuram,alandur madanandapuram,2021,F:\images\2021\Alandur_Madanandapuram.png
Alandur_Madanandapuram,alandur madanandapuram,2022,F:\images\2022\Alandur_Madanandapuram.png
Alandur_Madanandapuram,alandur madanandapuram,2024,F:\images\2024\Alandur_Madanandapuram.png
Alandur_Manapakkam,alandur manapakkam,2014,F:\images\2014\Alandur_Manapakkam.png
Alandur_Manapakkam,alandur manapakkam,2020,F:\images\2020\Alandur_Manapakkam.png
Alandur_Manapakkam,alandur manapakkam,2021,F:\images\2021\Alandur_Manapakkam.png
Alandur_Manapakkam,alandur manapakkam,2022,F:\images\2022\Alandur_Manapakkam.png
Alandur_Manapakkam,alandur manapakkam,2024,F:\images\2024\Alandur_Manapakkam.png
Alandur_Meenambakkam,alandur meenambakkam,2014,F:\images\2014\Alandur_Meenambakkam.png
Alandur_Meenambakkam,alandur meenambakkam,2020,F:\images\2020\Alandur_Meenambakkam.png
Alandur_Meenambakkam,alandur meenambakkam,2021,F:\images\2021\Alandur_Meenambakkam.png
Alandur_Meenambakkam,alandur meenambakkam,2022,F:\images\2022\Alandur_Meenambakkam.png
Alandur_Meenambakkam,alandur meenambakkam,2024,F:\images\2024\Alandur_Meenambakkam.png
Alandur_Mugalivakkam,alandur mugalivakkam,2014,F:\images\2014\Alandur_Mugalivakkam.png
Alandur_Mugalivakkam,alandur mugalivakkam,2020,F:\images\2020\Alandur_Mugalivakkam.png
Alandur_Mugalivakkam,alandur mugalivakkam,2021,F:\images\2021\Alandur_Mugalivakkam.png
Alandur_Mugalivakkam,alandur mugalivakkam,2022,F:\images\2022\Alandur_Mugalivakkam.png
Alandur_Mugalivakkam,alandur mugalivakkam,2024,F:\images\2024\Alandur_Mugalivakkam.png
Alandur_Nandambakkam,alandur nandambakkam,2014,F:\images\2014\Alandur_Nandambakkam.png
Alandur_Nandambakkam,alandur nandambakkam,2020,F:\images\2020\Alandur_Nandambakkam.png
Alandur_Nandambakkam,alandur nandambakkam,2021,F:\images\2021\Alandur_Nandambakkam.png
Alandur_Nandambakkam,alandur nandambakkam,2022,F:\images\2022\Alandur_Nandambakkam.png
Alandur_Nandambakkam,alandur nandambakkam,2024,F:\images\2024\Alandur_Nandambakkam.png
Alandur_Nanganallur,alandur nanganallur,2014,F:\images\2014\Alandur_Nanganallur.png
Alandur_Nanganallur,alandur nanganallur,2020,F:\images\2020\Alandur_Nanganallur.png
Alandur_Nanganallur,alandur nanganallur,2021,F:\images\2021\Alandur_Nanganallur.png
Alandur_Nanganallur,alandur nanganallur,2022,F:\images\2022\Alandur_Nanganallur.png
Alandur_Nanganallur,alandur nanganallur,2024,F:\images\2024\Alandur_Nanganallur.png
Alandur_Pazhavanthangal,alandur pazhavanthangal,2014,F:\images\2014\Alandur_Pazhavanthangal.png
Alandur_Pazhavanthangal,alandur pazhavanthangal,2020,F:\images\2020\Alandur_Pazhavanthangal.png
Alandur_Pazhavanthangal,alandur pazhavanthangal,2021,F:\images\2021\Alandur_Pazhavanthangal.png
Alandur_Pazhavanthangal,alandur pazhavanthangal,2022,F:\images\2022\Alandur_Pazhavanthangal.png
Alandur_Pazhavanthangal,alandur pazhavanthangal,2024,F:\images\2024\Alandur_Pazhavanthangal.png
Alandur_Thalakanacheri,alandur thalakanacheri,2014,F:\images\2014\Alandur_Thalakanacheri.png
Alandur_Thalakanacheri,alandur thalakanacheri,2020,F:\images\2020\Alandur_Thalakanacheri.png
Alandur_Thalakanacheri,alandur thalakanacheri,2021,F:\images\2021\Alandur_Thalakanacheri.png
Alandur_Thalakanacheri,alandur thalakanacheri,2022,F:\images\2022\Alandur_Thalakanacheri.png
Alandur_Thalakanacheri,alandur thalakanacheri,2024,F:\images\2024\Alandur_Thalakanacheri.png
Aminjikarai_Aminjikarai,aminjikarai aminjikarai,2014,F:\images\2014\Aminjikarai_Aminjikarai.png
Aminjikarai_Aminjikarai,aminjikarai aminjikarai,2020,F:\images\2020\Aminjikarai_Aminjikarai.png
Aminjikarai_Aminjikarai,aminjikarai aminjikarai,2021,F:\images\2021\Aminjikarai_Aminjikarai.png
Aminjikarai_Aminjikarai,aminjikarai aminjikarai,2022,F:\images\2022\Aminjikarai_Aminjikarai.png
Aminjikarai_Aminjikarai,aminjikarai aminjikarai,2024,F:\images\2024\Aminjikarai_Aminjikarai.png
Aminjikarai_Arumbakkam,aminjikarai arumbakkam,2014,F:\images\2014\Aminjikarai_Arumbakkam.png
Aminjikarai_Arumbakkam,aminjikarai arumbakkam,2020,F:\images\2020\Aminjikarai_Arumbakkam.png
Aminjikarai_Arumbakkam,aminjikarai arumbakkam,2021,F:\images\2021\Aminjikarai_Arumbakkam.png
Aminjikarai_Arumbakkam,aminjikarai arumbakkam,2022,F:\images\2022\Aminjikarai_Arumbakkam.png
Aminjikarai_Arumbakkam,aminjikarai arumbakkam,2024,F:\images\2024\Aminjikarai_Arumbakkam.png
Aminjikarai_Chinnakudal,aminjikarai chinnakudal,2014,F:\images\2014\Aminjikarai_Chinnakudal.png
Aminjikarai_Chinnakudal,aminjikarai chinnakudal,2020,F:\images\2020\Aminjikarai_Chinnakudal.png
Aminjikarai_Chinnakudal,aminjikarai chinnakudal,2021,F:\images\2021\Aminjikarai_Chinnakudal.png
Aminjikarai_Chinnakudal,aminjikarai chinnakudal,2022,F:\images\2022\Aminjikarai_Chinnakudal.png
Aminjikarai_Chinnakudal,aminjikarai chinnakudal,2024,F:\images\2024\Aminjikarai_Chinnakudal.png
Aminjikarai_Chinnakudal,aminjikarai chinnakudal,2025,F:\images\2025\Aminjikarai_Chinnakudal.png
Aminjikarai_Koyambedu,aminjikarai koyambedu,2014,F:\images\2014\Aminjikarai_Koyambedu.png
Aminjikarai_Koyambedu,aminjikarai koyambedu,2020,F:\images\2020\Aminjikarai_Koyambedu.png
Aminjikarai_Koyambedu,aminjikarai koyambedu,2021,F:\images\2021\Aminjikarai_Koyambedu.png
Aminjikarai_Koyambedu,aminjikarai koyambedu,2022,F:\images\2022\Aminjikarai_Koyambedu.png
Aminjikarai_Koyambedu,aminjikarai koyambedu,2024,F:\images\2024\Aminjikarai_Koyambedu.png
Aminjikarai_Mullam,aminjikarai mullam,2014,F:\images\2014\Aminjikarai_Mullam.png
Aminjikarai_Mullam,aminjikarai mullam,2020,F:\images\2020\Aminjikarai_Mullam.png
Aminjikarai_Mullam,aminjikarai mullam,2021,F:\images\2021\Aminjikarai_Mullam.png
Aminjikarai_Mullam,aminjikarai mullam,2022,F:\images\2022\Aminjikarai_Mullam.png
Aminjikarai_Mullam,aminjikarai mullam,2024,F:\images\2024\Aminjikarai_Mullam.png
Aminjikarai_Mullam,aminjikarai mullam,2025,F:\images\2025\Aminjikarai_Mullam.png
Aminjikarai_Naduvankarai,aminjikarai naduvankarai,2014,F:\images\2014\Aminjikarai_Naduvankarai.png
Aminjikarai_Naduvankarai,aminjikarai naduvankarai,2020,F:\images\2020\Aminjikarai_Naduvankarai.png
Aminjikarai_Naduvankarai,aminjikarai naduvankarai,2021,F:\images\2021\Aminjikarai_Naduvankarai.png
Aminjikarai_Naduvankarai,aminjikarai naduvankarai,2022,F:\images\2022\Aminjikarai_Naduvankarai.png
Aminjikarai_Naduvankarai,aminjikarai naduvankarai,2024,F:\images\2024\Aminjikarai_Naduvankarai.png
Aminjikarai_Sencheri,aminjikarai sencheri,2014,F:\images\2014\Aminjikarai_Sencheri.png
Aminjikarai_Sencheri,aminjikarai sencheri,2020,F:\images\2020\Aminjikarai_Sencheri.png
Aminjikarai_Sencheri,aminjikarai sencheri,2021,F:\images\2021\Aminjikarai_Sencheri.png
Aminjikarai_Sencheri,aminjikarai sencheri,2022,F:\images\2022\Aminjikarai_Sencheri.png
Aminjikarai_Sencheri,aminjikarai sencheri,2024,F:\images\2024\Aminjikarai_Sencheri.png
Aminjikarai_Siruvallur,aminjikarai siruvallur,2014,F:\images\2014\Aminjikarai_Siruvallur.png
Aminjikarai_Siruvallur,aminjikarai siruvallur,2020,F:\images\2020\Aminjikarai_Siruvallur.png
Aminjikarai_Siruvallur,aminjikarai siruvallur,2021,F:\images\2021\Aminjikarai_Siruvallur.png
Aminjikarai_Siruvallur,aminjikarai siruvallur,2022,F:\images\2022\Aminjikarai_Siruvallur.png
Aminjikarai_Siruvallur,aminjikarai siruvallur,2024,F:\images\2024\Aminjikarai_Siruvallur.png
Aminjikarai_Siruvallur,aminjikarai siruvallur,2025,F:\images\2025\Aminjikarai_Siruvallur.png
Aminjikarai_Thirumangalam,aminjikarai thirumangalam,2014,F:\images\2014\Aminjikarai_Thirumangalam.png
Aminjikarai_Thirumangalam,aminjikarai thirumangalam,2020,F:\images\2020\Aminjikarai_Thirumangalam.png
Aminjikarai_Thirumangalam,aminjikarai thirumangalam,2021,F:\images\2021\Aminjikarai_Thirumangalam.png
Aminjikarai_Thirumangalam,aminjikarai thirumangalam,2022,F:\images\2022\Aminjikarai_Thirumangalam.png
Aminjikarai_Thirumangalam,aminjikarai thirumangalam,2024,F:\images\2024\Aminjikarai_Thirumangalam.png
Aminjikarai_Thirumangalam,aminjikarai thirumangalam,2025,F:\images\2025\Aminjikarai_Thirumangalam.png
Aminjikarai_Vada_Agaram,aminjikarai vada agaram,2014,F:\images\2014\Aminjikarai_Vada_Agaram.png
Aminjikarai_Vada_Agaram,aminjikarai vada agaram,2020,F:\images\2020\Aminjikarai_Vada_Agaram.png
Aminjikarai_Vada_Agaram,aminjikarai vada agaram,2021,F:\images\2021\Aminjikarai_Vada_Agaram.png
Aminjikarai_Vada_Agaram,aminjikarai vada agaram,2022,F:\images\2022\Aminjikarai_Vada_Agaram.png
Aminjikarai_Vada_Agaram,aminjikarai vada agaram,2024,F:\images\2024\Aminjikarai_Vada_Agaram.png
Aminjikarai_Villivakkam,aminjikarai villivakkam,2014,F:\images\2014\Aminjikarai_Villivakkam.png
Aminjikarai_Villivakkam,aminjikarai villivakkam,2020,F:\images\2020\Aminjikarai_Villivakkam.png
Aminjikarai_Villivakkam,aminjikarai villivakkam,2021,F:\images\2021\Aminjikarai_Villivakkam.png
Aminjikarai_Villivakkam,aminjikarai villivakkam,2022,F:\images\2022\Aminjikarai_Villivakkam.png
Aminjikarai_Villivakkam,aminjikarai villivakkam,2024,F:\images\2024\Aminjikarai_Villivakkam.png
Aminjikarai_Villivakkam,aminjikarai villivakkam,2025,F:\images\2025\Aminjikarai_Villivakkam.png
Egmore_Egmore_(Part_I),egmore egmore (part i),2014,F:\images\2014\Egmore_Egmore_(Part_I).png
Egmore_Egmore_(Part_I),egmore egmore (part i),2020,F:\images\2020\Egmore_Egmore_(Part_I).png
Egmore_Egmore_(Part_I),egmore egmore (part i),2021,F:\images\2021\Egmore_Egmore_(Part_I).png
Egmore_Egmore_(Part_I),egmore egmore (part i),2022,F:\images\2022\Egmore_Egmore_(Part_I).png
Egmore_Egmore_(Part_I),egmore egmore (part i),2024,F:\images\2024\Egmore_Egmore_(Part_I).png
Egmore_Egmore_(Part_II),egmore egmore (part ii),2014,F:\images\2014\Egmore_Egmore_(Part_II).png
Egmore_Egmore_(Part_II),egmore egmore (part ii),2020,F:\images\2020\Egmore_Egmore_(Part_II).png
Egmore_Egmore_(Part_II),egmore egmore (part ii),2021,F:\images\2021\Egmore_Egmore_(Part_II).png
Egmore_Egmore_(Part_II),egmore egmore (part ii),2022,F:\images\2022\Egmore_Egmore_(Part_II).png
Egmore_Egmore_(Part_II),egmore egmore (part ii),2024,F:\images\2024\Egmore_Egmore_(Part_II).png
Egmore_Nungambakkam,egmore nungambakkam,2014,F:\images\2014\Egmore_Nungambakkam.png
Egmore_Nungambakkam,egmore nungambakkam,2020,F:\images\2020\Egmore_Nungambakkam.png
Egmore_Nungambakkam,egmore nungambakkam,2021,F:\images\2021\Egmore_Nungambakkam.png
Egmore_Nungambakkam,egmore nungambakkam,2022,F:\images\2022\Egmore_Nungambakkam.png
Egmore_Nungambakkam,egmore nungambakkam,2024,F:\images\2024\Egmore_Nungambakkam.png
Egmore_Puliyur,egmore puliyur,2014,F:\images\2014\Egmore_Puliyur.png
Egmore_Puliyur,egmore puliyur,2020,F:\images\2020\Egmore_Puliyur.png
Egmore_Puliyur,egmore puliyur,2021,F:\images\2021\Egmore_Puliyur.png
Egmore_Puliyur,egmore puliyur,2022,F:\images\2022\Egmore_Puliyur.png
Egmore_Puliyur,egmore puliyur,2024,F:\images\2024\Egmore_Puliyur.png
Guindy_Adyar_(Part_I),guindy adyar (part i),2014,F:\images\2014\Guindy_Adyar_(Part_I).png
Guindy_Adyar_(Part_I),guindy adyar (part i),2020,F:\images\2020\Guindy_Adyar_(Part_I).png
Guindy_Adyar_(Part_I),guindy adyar (part i),2021,F:\images\2021\Guindy_Adyar_(Part_I).png
Guindy_Adyar_(Part_I),guindy adyar (part i),2022,F:\images\2022\Guindy_Adyar_(Part_I).png
Guindy_Adyar_(Part_I),guindy adyar (part i),2024,F:\images\2024\Guindy_Adyar_(Part_I).png
Guindy_Adyar_(Part_I),guindy adyar (part i),2025,F:\images\2025\Guindy_Adyar_(Part_I).png
Guindy_Adyar_(Part_II),guindy adyar (part ii),2014,F:\images\2014\Guindy_Adyar_(Part_II).png
Guindy_Adyar_(Part_II),guindy adyar (part ii),2020,F:\images\2020\Guindy_Adyar_(Part_II).png
Guindy_Adyar_(Part_II),guindy adyar (part ii),2021,F:\images\2021\Guindy_Adyar_(Part_II).png
Guindy_Adyar_(Part_II),guindy adyar (part ii),2022,F:\images\2022\Guindy_Adyar_(Part_II).png
Guindy_Adyar_(Part_II),guindy adyar (part ii),2024,F:\images\2024\Guindy_Adyar_(Part_II).png
Guindy_Adyar_(Part_II),guindy adyar (part ii),2025,F:\images\2025\Guindy_Adyar_(Part_II).png
Guindy_Alandur,guindy alandur,2014,F:\images\2014\Guindy_Alandur.png
Guindy_Alandur,guindy alandur,2020,F:\images\2020\Guindy_Alandur.png
Guindy_Alandur,guindy alandur,2021,F:\images\2021\Guindy_Alandur.png
Guindy_Alandur,guindy alandur,2022,F:\images\2022\Guindy_Alandur.png
Guindy_Alandur,guindy alandur,2024,F:\images\2024\Guindy_Alandur.png
Guindy_Alandur,guindy alandur,2025,F:\images\2025\Guindy_Alandur.png
Guindy_Ekkatuthangal,guindy ekkatuthangal,2014,F:\images\2014\Guindy_Ekkatuthangal.png
Guindy_Ekkatuthangal,guindy ekkatuthangal,2020,F:\images\2020\Guindy_Ekkatuthangal.png
Guindy_Ekkatuthangal,guindy ekkatuthangal,2021,F:\images\2021\Guindy_Ekkatuthangal.png
Guindy_Ekkatuthangal,guindy ekkatuthangal,2022,F:\images\2022\Guindy_Ekkatuthangal.png
Guindy_Ekkatuthangal,guindy ekkatuthangal,2024,F:\images\2024\Guindy_Ekkatuthangal.png
Guindy_Ekkatuthangal,guindy ekkatuthangal,2025,F:\images\2025\Guindy_Ekkatuthangal.png
Guindy_Govt._Farm,guindy govt. farm,2014,F:\images\2014\Guindy_Govt._Farm.png
Guindy_Govt._Farm,guindy govt. farm,2020,F:\images\2020\Guindy_Govt._Farm.png
Guindy_Govt._Farm,guindy govt. farm,2021,F:\images\2021\Guindy_Govt._Farm.png
Guindy_Govt._Farm,guindy govt. farm,2022,F:\images\2022\Guindy_Govt._Farm.png
Guindy_Govt._Farm,guindy govt. farm,2024,F:\images\2024\Guindy_Govt._Farm.png
Guindy_Govt._Farm,guindy govt. farm,2025,F:\images\2025\Guindy_Govt._Farm.png
Guindy_Guindy_Park,guindy guindy park,2014,F:\images\2014\Guindy_Guindy_Park.png
Guindy_Guindy_Park,guindy guindy park,2020,F:\images\2020\Guindy_Guindy_Park.png
Guindy_Guindy_Park,guindy guindy park,2021,F:\images\2021\Guindy_Guindy_Park.png
Guindy_Guindy_Park,guindy guindy park,2022,F:\images\2022\Guindy_Guindy_Park.png
Guindy_Guindy_Park,guindy guindy park,2024,F:\images\2024\Guindy_Guindy_Park.png
Guindy_Guindy_Park,guindy guindy park,2025,F:\images\2025\Guindy_Guindy_Park.png
Guindy_Kottur,guindy kottur,2014,F:\images\2014\Guindy_Kottur.png
Guindy_Kottur,guindy kottur,2020,F:\images\2020\Guindy_Kottur.png
Guindy_Kottur,guindy kottur,2021,F:\images\2021\Guindy_Kottur.png
Guindy_Kottur,guindy kottur,2022,F:\images\2022\Guindy_Kottur.png
Guindy_Kottur,guindy kottur,2024,F:\images\2024\Guindy_Kottur.png
Guindy_Kottur,guindy kottur,2025,F:\images\2025\Guindy_Kottur.png
Guindy_T._Nagar,guindy t. nagar,2014,F:\images\2014\Guindy_T._Nagar.png
Guindy_T._Nagar,guindy t. nagar,2020,F:\images\2020\Guindy_T._Nagar.png
Guindy_T._Nagar,guindy t. nagar,2021,F:\images\2021\Guindy_T._Nagar.png
Guindy_T._Nagar,guindy t. nagar,2022,F:\images\2022\Guindy_T._Nagar.png
Guindy_T._Nagar,guindy t. nagar,2024,F:\images\2024\Guindy_T._Nagar.png
Guindy_T._Nagar,guindy t. nagar,2025,F:\images\2025\Guindy_T._Nagar.png
Guindy_Venkatapuram,guindy venkatapuram,2014,F:\images\2014\Guindy_Venkatapuram.png
Guindy_Venkatapuram,guindy venkatapuram,2020,F:\images\2020\Guindy_Venkatapuram.png
Guindy_Venkatapuram,guindy venkatapuram,2021,F:\images\2021\Guindy_Venkatapuram.png
Guindy_Venkatapuram,guindy venkatapuram,2022,F:\images\2022\Guindy_Venkatapuram.png
Guindy_Venkatapuram,guindy venkatapuram,2024,F:\images\2024\Guindy_Venkatapuram.png
Guindy_Venkatapuram,guindy venkatapuram,2025,F:\images\2025\Guindy_Venkatapuram.png
Kolathur_Kolathur,kolathur kolathur,2014,F:\images\2014\Kolathur_Kolathur.png
Kolathur_Kolathur,kolathur kolathur,2020,F:\images\2020\Kolathur_Kolathur.png
Kolathur_Kolathur,kolathur kolathur,2021,F:\images\2021\Kolathur_Kolathur.png
Kolathur_Kolathur,kolathur kolathur,2022,F:\images\2022\Kolathur_Kolathur.png
Kolathur_Kolathur,kolathur kolathur,2024,F:\images\2024\Kolathur_Kolathur.png
Kolathur_Peravallur,kolathur peravallur,2014,F:\images\2014\Kolathur_Peravallur.png
Kolathur_Peravallur,kolathur peravallur,2020,F:\images\2020\Kolathur_Peravallur.png
Kolathur_Peravallur,kolathur peravallur,2021,F:\images\2021\Kolathur_Peravallur.png
Kolathur_Peravallur,kolathur peravallur,2022,F:\images\2022\Kolathur_Peravallur.png
Kolathur_Peravallur,kolathur peravallur,2024,F:\images\2024\Kolathur_Peravallur.png
Kolathur_Siruvallur,kolathur siruvallur,2014,F:\images\2014\Kolathur_Siruvallur.png
Kolathur_Siruvallur,kolathur siruvallur,2020,F:\images\2020\Kolathur_Siruvallur.png
Kolathur_Siruvallur,kolathur siruvallur,2021,F:\images\2021\Kolathur_Siruvallur.png
Kolathur_Siruvallur,kolathur siruvallur,2022,F:\images\2022\Kolathur_Siruvallur.png
Kolathur_Siruvallur,kolathur siruvallur,2024,F:\images\2024\Kolathur_Siruvallur.png
Madhavaram_Chettimedu,madhavaram chettimedu,2014,F:\images\2014\Madhavaram_Chettimedu.png
Madhavaram_Chettimedu,madhavaram chettimedu,2020,F:\images\2020\Madhavaram_Chettimedu.png
Madhavaram_Chettimedu,madhavaram chettimedu,2021,F:\images\2021\Madhavaram_Chettimedu.png
Madhavaram_Chettimedu,madhavaram chettimedu,2022,F:\images\2022\Madhavaram_Chettimedu.png
Madhavaram_Chettimedu,madhavaram chettimedu,2024,F:\images\2024\Madhavaram_Chettimedu.png
Madhavaram_Chettimedu,madhavaram chettimedu,2025,F:\images\2025\Madhavaram_Chettimedu.png
Madhavaram_Kadhirvedu,madhavaram kadhirvedu,2014,F:\images\2014\Madhavaram_Kadhirvedu.png
Madhavaram_Kadhirvedu,madhavaram kadhirvedu,2020,F:\images\2020\Madhavaram_Kadhirvedu.png
Madhavaram_Kadhirvedu,madhavaram kadhirvedu,2021,F:\images\2021\Madhavaram_Kadhirvedu.png
Madhavaram_Kadhirvedu,madhavaram kadhirvedu,2022,F:\images\2022\Madhavaram_Kadhirvedu.png
Madhavaram_Kadhirvedu,madhavaram kadhirvedu,2024,F:\images\2024\Madhavaram_Kadhirvedu.png
Madhavaram_Kadhirvedu,madhavaram kadhirvedu,2025,F:\images\2025\Madhavaram_Kadhirvedu.png
Madhavaram_Kosapur,madhavaram kosapur,2014,F:\images\2014\Madhavaram_Kosapur.png
Madhavaram_Kosapur,madhavaram kosapur,2020,F:\images\2020\Madhavaram_Kosapur.png
Madhavaram_Kosapur,madhavaram kosapur,2021,F:\images\2021\Madhavaram_Kosapur.png
Madhavaram_Kosapur,madhavaram kosapur,2022,F:\images\2022\Madhavaram_Kosapur.png
Madhavaram_Kosapur,madhavaram kosapur,2024,F:\images\2024\Madhavaram_Kosapur.png
Madhavaram_Kosapur,madhavaram kosapur,2025,F:\images\2025\Madhavaram_Kosapur.png
Madhavaram_Madhavaram‑1,madhavaram madhavaram‑1,2014,F:\images\2014\Madhavaram_Madhavaram‑1.png
Madhavaram_Madhavaram‑1,madhavaram madhavaram‑1,2020,F:\images\2020\Madhavaram_Madhavaram‑1.png
Madhavaram_Madhavaram‑1,madhavaram madhavaram‑1,2021,F:\images\2021\Madhavaram_Madhavaram‑1.png
Madhavaram_Madhavaram‑1,madhavaram madhavaram‑1,2022,F:\images\2022\Madhavaram_Madhavaram‑1.png
Madhavaram_Madhavaram‑1,madhavaram madhavaram‑1,2024,F:\images\2024\Madhavaram_Madhavaram‑1.png
Madhavaram_Madhavaram‑1,madhavaram madhavaram‑1,2025,F:\images\2025\Madhavaram_Madhavaram‑1.png
Madhavaram_Madhavaram‑2,madhavaram madhavaram‑2,2014,F:\images\2014\Madhavaram_Madhavaram‑2.png
Madhavaram_Madhavaram‑2,madhavaram madhavaram‑2,2020,F:\images\2020\Madhavaram_Madhavaram‑2.png
Madhavaram_Madhavaram‑2,madhavaram madhavaram‑2,2021,F:\images\2021\Madhavaram_Madhavaram‑2.png
Madhavaram_Madhavaram‑2,madhavaram madhavaram‑2,2022,F:\images\2022\Madhavaram_Madhavaram‑2.png
Madhavaram_Madhavaram‑2,madhavaram madhavaram‑2,2024,F:\images\2024\Madhavaram_Madhavaram‑2.png
Madhavaram_Madhavaram‑2,madhavaram madhavaram‑2,2025,F:\images\2025\Madhavaram_Madhavaram‑2.png
Madhavaram_Manchambakkam,madhavaram manchambakkam,2014,F:\images\2014\Madhavaram_Manchambakkam.png
Madhavaram_Manchambakkam,madhavaram manchambakkam,2020,F:\images\2020\Madhavaram_Manchambakkam.png
Madhavaram_Manchambakkam,madhavaram manchambakkam,2021,F:\images\2021\Madhavaram_Manchambakkam.png
Madhavaram_Manchambakkam,madhavaram manchambakkam,2022,F:\images\2022\Madhavaram_Manchambakkam.png
Madhavaram_Manchambakkam,madhavaram manchambakkam,2024,F:\images\2024\Madhavaram_Manchambakkam.png
Madhavaram_Manchambakkam,madhavaram manchambakkam,2025,F:\images\2025\Madhavaram_Manchambakkam.png
Madhavaram_Mathur,madhavaram mathur,2014,F:\images\2014\Madhavaram_Mathur.png
Madhavaram_Mathur,madhavaram mathur,2020,F:\images\2020\Madhavaram_Mathur.png
Madhavaram_Mathur,madhavaram mathur,2021,F:\images\2021\Madhavaram_Mathur.png
Madhavaram_Mathur,madhavaram mathur,2022,F:\images\2022\Madhavaram_Mathur.png
Madhavaram_Mathur,madhavaram mathur,2024,F:\images\2024\Madhavaram_Mathur.png
Madhavaram_Mathur,madhavaram mathur,2025,F:\images\2025\Madhavaram_Mathur.png
Madhavaram_Puthagaram,madhavaram puthagaram,2014,F:\images\2014\Madhavaram_Puthagaram.png
Madhavaram_Puthagaram,madhavaram puthagaram,2020,F:\images\2020\Madhavaram_Puthagaram.png
Madhavaram_Puthagaram,madhavaram puthagaram,2021,F:\images\2021\Madhavaram_Puthagaram.png
Madhavaram_Puthagaram,madhavaram puthagaram,2022,F:\images\2022\Madhavaram_Puthagaram.png
Madhavaram_Puthagaram,madhavaram puthagaram,2024,F:\images\2024\Madhavaram_Puthagaram.png
Madhavaram_Puthagaram,madhavaram puthagaram,2025,F:\images\2025\Madhavaram_Puthagaram.png
Madhavaram_Puzhal,madhavaram puzhal,2014,F:\images\2014\Madhavaram_Puzhal.png
Madhavaram_Puzhal,madhavaram puzhal,2020,F:\images\2020\Madhavaram_Puzhal.png
Madhavaram_Puzhal,madhavaram puzhal,2021,F:\images\2021\Madhavaram_Puzhal.png
Madhavaram_Puzhal,madhavaram puzhal,2022,F:\images\2022\Madhavaram_Puzhal.png
Madhavaram_Puzhal,madhavaram puzhal,2024,F:\images\2024\Madhavaram_Puzhal.png
Madhavaram_Puzhal,madhavaram puzhal,2025,F:\images\2025\Madhavaram_Puzhal.png
Madhavaram_Surapet,madhavaram surapet,2014,F:\images\2014\Madhavaram_Surapet.png
Madhavaram_Surapet,madhavaram surapet,2020,F:\images\2020\Madhavaram_Surapet.png
Madhavaram_Surapet,madhavaram surapet,2021,F:\images\2021\Madhavaram_Surapet.png
Madhavaram_Surapet,madhavaram surapet,2022,F:\images\2022\Madhavaram_Surapet.png
Madhavaram_Surapet,madhavaram surapet,2024,F:\images\2024\Madhavaram_Surapet.png
Madhavaram_Surapet,madhavaram surapet,2025,F:\images\2025\Madhavaram_Surapet.png
Madhavaram_Vadaperumbakkam,madhavaram vadaperumbakkam,2014,F:\images\2014\Madhavaram_Vadaperumbakkam.png
Madhavaram_Vadaperumbakkam,madhavaram vadaperumbakkam,2020,F:\images\2020\Madhavaram_Vadaperumbakkam.png
Madhavaram_Vadaperumbakkam,madhavaram vadaperumbakkam,2021,F:\images\2021\Madhavaram_Vadaperumbakkam.png
Madhavaram_Vadaperumbakkam,madhavaram vadaperumbakkam,2022,F:\images\2022\Madhavaram_Vadaperumbakkam.png
Madhavaram_Vadaperumbakkam,madhavaram vadaperumbakkam,2024,F:\images\2024\Madhavaram_Vadaperumbakkam.png
Madhavaram_Vadaperumbakkam,madhavaram vadaperumbakkam,2025,F:\images\2025\Madhavaram_Vadaperumbakkam.png
Madhavaram_Villakupattu,madhavaram villakupattu,2014,F:\images\2014\Madhavaram_Villakupattu.png
Madhavaram_Villakupattu,madhavaram villakupattu,2020,F:\images\2020\Madhavaram_Villakupattu.png
Madhavaram_Villakupattu,madhavaram villakupattu,2021,F:\images\2021\Madhavaram_Villakupattu.png
Madhavaram_Villakupattu,madhavaram villakupattu,2022,F:\images\2022\Madhavaram_Villakupattu.png
Madhavaram_Villakupattu,madhavaram villakupattu,2024,F:\images\2024\Madhavaram_Villakupattu.png
Madhavaram_Villakupattu,madhavaram villakupattu,2025,F:\images\2025\Madhavaram_Villakupattu.png
Mambalam_Kodambakkam_(Part_I),mambalam kodambakkam (part i),2014,F:\images\2014\Mambalam_Kodambakkam_(Part_I).png
Mambalam_Kodambakkam_(Part_I),mambalam kodambakkam (part i),2020,F:\images\2020\Mambalam_Kodambakkam_(Part_I).png
Mambalam_Kodambakkam_(Part_I),mambalam kodambakkam (part i),2021,F:\images\2021\Mambalam_Kodambakkam_(Part_I).png
Mambalam_Kodambakkam_(Part_I),mambalam kodambakkam (part i),2022,F:\images\2022\Mambalam_Kodambakkam_(Part_I).png
Mambalam_Kodambakkam_(Part_I),mambalam kodambakkam (part i),2024,F:\images\2024\Mambalam_Kodambakkam_(Part_I).png
Mambalam_Kodambakkam_(Part_II),mambalam kodambakkam (part ii),2014,F:\images\2014\Mambalam_Kodambakkam_(Part_II).png
Mambalam_Kodambakkam_(Part_II),mambalam kodambakkam (part ii),2020,F:\images\2020\Mambalam_Kodambakkam_(Part_II).png
Mambalam_Kodambakkam_(Part_II),mambalam kodambakkam (part ii),2021,F:\images\2021\Mambalam_Kodambakkam_(Part_II).png
Mambalam_Kodambakkam_(Part_II),mambalam kodambakkam (part ii),2022,F:\images\2022\Mambalam_Kodambakkam_(Part_II).png
Mambalam_Kodambakkam_(Part_II),mambalam kodambakkam (part ii),2024,F:\images\2024\Mambalam_Kodambakkam_(Part_II).png
Mambalam_Mambalam,mambalam mambalam,2014,F:\images\2014\Mambalam_Mambalam.png
Mambalam_Mambalam,mambalam mambalam,2020,F:\images\2020\Mambalam_Mambalam.png
Mambalam_Mambalam,mambalam mambalam,2021,F:\images\2021\Mambalam_Mambalam.png
Mambalam_Mambalam,mambalam mambalam,2022,F:\images\2022\Mambalam_Mambalam.png
Mambalam_Mambalam,mambalam mambalam,2024,F:\images\2024\Mambalam_Mambalam.png
Mambalam_Nesappakkam,mambalam nesappakkam,2014,F:\images\2014\Mambalam_Nesappakkam.png
Mambalam_Nesappakkam,mambalam nesappakkam,2020,F:\images\2020\Mambalam_Nesappakkam.png
Mambalam_Nesappakkam,mambalam nesappakkam,2021,F:\images\2021\Mambalam_Nesappakkam.png
Mambalam_Nesappakkam,mambalam nesappakkam,2022,F:\images\2022\Mambalam_Nesappakkam.png
Mambalam_Nesappakkam,mambalam nesappakkam,2024,F:\images\2024\Mambalam_Nesappakkam.png
Mambalam_Saidapet,mambalam saidapet,2014,F:\images\2014\Mambalam_Saidapet.png
Mambalam_Saidapet,mambalam saidapet,2020,F:\images\2020\Mambalam_Saidapet.png
Mambalam_Saidapet,mambalam saidapet,2021,F:\images\2021\Mambalam_Saidapet.png
Mambalam_Saidapet,mambalam saidapet,2022,F:\images\2022\Mambalam_Saidapet.png
Mambalam_Saidapet,mambalam saidapet,2024,F:\images\2024\Mambalam_Saidapet.png
Mambalam_Saligramam,mambalam saligramam,2014,F:\images\2014\Mambalam_Saligramam.png
Mambalam_Saligramam,mambalam saligramam,2020,F:\images\2020\Mambalam_Saligramam.png
Mambalam_Saligramam,mambalam saligramam,2021,F:\images\2021\Mambalam_Saligramam.png
Mambalam_Saligramam,mambalam saligramam,2022,F:\images\2022\Mambalam_Saligramam.png
Mambalam_Saligramam,mambalam saligramam,2024,F:\images\2024\Mambalam_Saligramam.png
Mambalam_Virugambakkam,mambalam virugambakkam,2014,F:\images\2014\Mambalam_Virugambakkam.png
Mambalam_Virugambakkam,mambalam virugambakkam,2020,F:\images\2020\Mambalam_Virugambakkam.png
Mambalam_Virugambakkam,mambalam virugambakkam,2021,F:\images\2021\Mambalam_Virugambakkam.png
Mambalam_Virugambakkam,mambalam virugambakkam,2022,F:\images\2022\Mambalam_Virugambakkam.png
Mambalam_Virugambakkam,mambalam virugambakkam,2024,F:\images\2024\Mambalam_Virugambakkam.png
Mylapore_Chintadripet,mylapore chintadripet,2014,F:\images\2014\Mylapore_Chintadripet.png
Mylapore_Chintadripet,mylapore chintadripet,2020,F:\images\2020\Mylapore_Chintadripet.png
Mylapore_Chintadripet,mylapore chintadripet,2021,F:\images\2021\Mylapore_Chintadripet.png
Mylapore_Chintadripet,mylapore chintadripet,2022,F:\images\2022\Mylapore_Chintadripet.png
Mylapore_Chintadripet,mylapore chintadripet,2024,F:\images\2024\Mylapore_Chintadripet.png
Mylapore_Chintadripet,mylapore chintadripet,2025,F:\images\2025\Mylapore_Chintadripet.png
Mylapore_Mylapore_(Part_I),mylapore mylapore (part i),2014,F:\images\2014\Mylapore_Mylapore_(Part_I).png
Mylapore_Mylapore_(Part_I),mylapore mylapore (part i),2020,F:\images\2020\Mylapore_Mylapore_(Part_I).png
Mylapore_Mylapore_(Part_I),mylapore mylapore (part i),2021,F:\images\2021\Mylapore_Mylapore_(Part_I).png
Mylapore_Mylapore_(Part_I),mylapore mylapore (part i),2022,F:\images\2022\Mylapore_Mylapore_(Part_I).png
Mylapore_Mylapore_(Part_I),mylapore mylapore (part i),2024,F:\images\2024\Mylapore_Mylapore_(Part_I).png
Mylapore_Mylapore_(Part_I),mylapore mylapore (part i),2025,F:\images\2025\Mylapore_Mylapore_(Part_I).png
Mylapore_Mylapore_(Part_II),mylapore mylapore (part ii),2014,F:\images\2014\Mylapore_Mylapore_(Part_II).png
Mylapore_Mylapore_(Part_II),mylapore mylapore (part ii),2020,F:\images\2020\Mylapore_Mylapore_(Part_II).png
Mylapore_Mylapore_(Part_II),mylapore mylapore (part ii),2021,F:\images\2021\Mylapore_Mylapore_(Part_II).png
Mylapore_Mylapore_(Part_II),mylapore mylapore (part ii),2022,F:\images\2022\Mylapore_Mylapore_(Part_II).png
Mylapore_Mylapore_(Part_II),mylapore mylapore (part ii),2024,F:\images\2024\Mylapore_Mylapore_(Part_II).png
Mylapore_Mylapore_(Part_II),mylapore mylapore (part ii),2025,F:\images\2025\Mylapore_Mylapore_(Part_II).png
Mylapore_Triplicane_(Part_I),mylapore triplicane (part i),2014,F:\images\2014\Mylapore_Triplicane_(Part_I).png
Mylapore_Triplicane_(Part_I),mylapore triplicane (part i),2020,F:\images\2020\Mylapore_Triplicane_(Part_I).png
Mylapore_Triplicane_(Part_I),mylapore triplicane (part i),2021,F:\images\2021\Mylapore_Triplicane_(Part_I).png
Mylapore_Triplicane_(Part_I),mylapore triplicane (part i),2022,F:\images\2022\Mylapore_Triplicane_(Part_I).png
Mylapore_Triplicane_(Part_I),mylapore triplicane (part i),2024,F:\images\2024\Mylapore_Triplicane_(Part_I).png
Mylapore_Triplicane_(Part_I),mylapore triplicane (part i),2025,F:\images\2025\Mylapore_Triplicane_(Part_I).png
Mylapore_Triplicane_(Part_II),mylapore triplicane (part ii),2014,F:\images\2014\Mylapore_Triplicane_(Part_II).png
Mylapore_Triplicane_(Part_II),mylapore triplicane (part ii),2020,F:\images\2020\Mylapore_Triplicane_(Part_II).png
Mylapore_Triplicane_(Part_II),mylapore triplicane (part ii),2021,F:\images\2021\Mylapore_Triplicane_(Part_II).png
Mylapore_Triplicane_(Part_II),mylapore triplicane (part ii),2022,F:\images\2022\Mylapore_Triplicane_(Part_II).png
Mylapore_Triplicane_(Part_II),mylapore triplicane (part ii),2024,F:\images\2024\Mylapore_Triplicane_(Part_II).png
Mylapore_Triplicane_(Part_II),mylapore triplicane (part ii),2025,F:\images\2025\Mylapore_Triplicane_(Part_II).png
Perambur_Erukkencheri,perambur erukkencheri,2014,F:\images\2014\Perambur_Erukkencheri.png
Perambur_Erukkencheri,perambur erukkencheri,2020,F:\images\2020\Perambur_Erukkencheri.png
Perambur_Erukkencheri,perambur erukkencheri,2021,F:\images\2021\Perambur_Erukkencheri.png
Perambur_Erukkencheri,perambur erukkencheri,2022,F:\images\2022\Perambur_Erukkencheri.png
Perambur_Erukkencheri,perambur erukkencheri,2024,F:\images\2024\Perambur_Erukkencheri.png
Perambur_Erukkencheri,perambur erukkencheri,2025,F:\images\2025\Perambur_Erukkencheri.png
Perambur_Jambuli,perambur jambuli,2014,F:\images\2014\Perambur_Jambuli.png
Perambur_Jambuli,perambur jambuli,2020,F:\images\2020\Perambur_Jambuli.png
Perambur_Jambuli,perambur jambuli,2021,F:\images\2021\Perambur_Jambuli.png
Perambur_Jambuli,perambur jambuli,2022,F:\images\2022\Perambur_Jambuli.png
Perambur_Jambuli,perambur jambuli,2024,F:\images\2024\Perambur_Jambuli.png
Perambur_Jambuli,perambur jambuli,2025,F:\images\2025\Perambur_Jambuli.png
Perambur_Kodungaiyur,perambur kodungaiyur,2014,F:\images\2014\Perambur_Kodungaiyur.png
Perambur_Kodungaiyur,perambur kodungaiyur,2020,F:\images\2020\Perambur_Kodungaiyur.png
Perambur_Kodungaiyur,perambur kodungaiyur,2021,F:\images\2021\Perambur_Kodungaiyur.png
Perambur_Kodungaiyur,perambur kodungaiyur,2022,F:\images\2022\Perambur_Kodungaiyur.png
Perambur_Kodungaiyur,perambur kodungaiyur,2024,F:\images\2024\Perambur_Kodungaiyur.png
Perambur_Kodungaiyur,perambur kodungaiyur,2025,F:\images\2025\Perambur_Kodungaiyur.png
Perambur_Perambur_(Part_I),perambur perambur (part i),2014,F:\images\2014\Perambur_Perambur_(Part_I).png
Perambur_Perambur_(Part_I),perambur perambur (part i),2020,F:\images\2020\Perambur_Perambur_(Part_I).png
Perambur_Perambur_(Part_I),perambur perambur (part i),2021,F:\images\2021\Perambur_Perambur_(Part_I).png
Perambur_Perambur_(Part_I),perambur perambur (part i),2022,F:\images\2022\Perambur_Perambur_(Part_I).png
Perambur_Perambur_(Part_I),perambur perambur (part i),2024,F:\images\2024\Perambur_Perambur_(Part_I).png
Perambur_Perambur_(Part_I),perambur perambur (part i),2025,F:\images\2025\Perambur_Perambur_(Part_I).png
Perambur_Perambur_(Part_II),perambur perambur (part ii),2014,F:\images\2014\Perambur_Perambur_(Part_II).png
Perambur_Perambur_(Part_II),perambur perambur (part ii),2020,F:\images\2020\Perambur_Perambur_(Part_II).png
Perambur_Perambur_(Part_II),perambur perambur (part ii),2021,F:\images\2021\Perambur_Perambur_(Part_II).png
Perambur_Perambur_(Part_II),perambur perambur (part ii),2022,F:\images\2022\Perambur_Perambur_(Part_II).png
Perambur_Perambur_(Part_II),perambur perambur (part ii),2024,F:\images\2024\Perambur_Perambur_(Part_II).png
Perambur_Perambur_(Part_II),perambur perambur (part ii),2025,F:\images\2025\Perambur_Perambur_(Part_II).png
Perambur_Perambur_(Part_III),perambur perambur (part iii),2014,F:\images\2014\Perambur_Perambur_(Part_III).png
Perambur_Perambur_(Part_III),perambur perambur (part iii),2020,F:\images\2020\Perambur_Perambur_(Part_III).png
Perambur_Perambur_(Part_III),perambur perambur (part iii),2021,F:\images\2021\Perambur_Perambur_(Part_III).png
Perambur_Perambur_(Part_III),perambur perambur (part iii),2022,F:\images\2022\Perambur_Perambur_(Part_III).png
Perambur_Perambur_(Part_III),perambur perambur (part iii),2024,F:\images\2024\Perambur_Perambur_(Part_III).png
Perambur_Perambur_(Part_III),perambur perambur (part iii),2025,F:\images\2025\Perambur_Perambur_(Part_III).png
Perambur_Selvoyil,perambur selvoyil,2014,F:\images\2014\Perambur_Selvoyil.png
Perambur_Selvoyil,perambur selvoyil,2020,F:\images\2020\Perambur_Selvoyil.png
Perambur_Selvoyil,perambur selvoyil,2021,F:\images\2021\Perambur_Selvoyil.png
Perambur_Selvoyil,perambur selvoyil,2022,F:\images\2022\Perambur_Selvoyil.png
Perambur_Selvoyil,perambur selvoyil,2024,F:\images\2024\Perambur_Selvoyil.png
Perambur_Selvoyil,perambur selvoyil,2025,F:\images\2025\Perambur_Selvoyil.png
Perambur_Sembium,perambur sembium,2014,F:\images\2014\Perambur_Sembium.png
Perambur_Sembium,perambur sembium,2020,F:\images\2020\Perambur_Sembium.png
Perambur_Sembium,perambur sembium,2021,F:\images\2021\Perambur_Sembium.png
Perambur_Sembium,perambur sembium,2022,F:\images\2022\Perambur_Sembium.png
Perambur_Sembium,perambur sembium,2024,F:\images\2024\Perambur_Sembium.png
Perambur_Sembium,perambur sembium,2025,F:\images\2025\Perambur_Sembium.png
Purasawalkam_Purasawalkam_(Part_I),purasawalkam purasawalkam (part i),2014,F:\images\2014\Purasawalkam_Purasawalkam_(Part_I).png
Purasawalkam_Purasawalkam_(Part_I),purasawalkam purasawalkam (part i),2020,F:\images\2020\Purasawalkam_Purasawalkam_(Part_I).png
Purasawalkam_Purasawalkam_(Part_I),purasawalkam purasawalkam (part i),2021,F:\images\2021\Purasawalkam_Purasawalkam_(Part_I).png
Purasawalkam_Purasawalkam_(Part_I),purasawalkam purasawalkam (part i),2022,F:\images\2022\Purasawalkam_Purasawalkam_(Part_I).png
Purasawalkam_Purasawalkam_(Part_I),purasawalkam purasawalkam (part i),2024,F:\images\2024\Purasawalkam_Purasawalkam_(Part_I).png
Purasawalkam_Purasawalkam_(Part_I),purasawalkam purasawalkam (part i),2025,F:\images\2025\Purasawalkam_Purasawalkam_(Part_I).png
Purasawalkam_Purasawalkam_(Part_II),purasawalkam purasawalkam (part ii),2014,F:\images\2014\Purasawalkam_Purasawalkam_(Part_II).png
Purasawalkam_Purasawalkam_(Part_II),purasawalkam purasawalkam (part ii),2020,F:\images\2020\Purasawalkam_Purasawalkam_(Part_II).png
Purasawalkam_Purasawalkam_(Part_II),purasawalkam purasawalkam (part ii),2021,F:\images\2021\Purasawalkam_Purasawalkam_(Part_II).png
Purasawalkam_Purasawalkam_(Part_II),purasawalkam purasawalkam (part ii),2022,F:\images\2022\Purasawalkam_Purasawalkam_(Part_II).png
Purasawalkam_Purasawalkam_(Part_II),purasawalkam purasawalkam (part ii),2024,F:\images\2024\Purasawalkam_Purasawalkam_(Part_II).png
Purasawalkam_Purasawalkam_(Part_II),purasawalkam purasawalkam (part ii),2025,F:\images\2025\Purasawalkam_Purasawalkam_(Part_II).png
Purasawalkam_V.O.C_Nagar,purasawalkam v.o.c nagar,2014,F:\images\2014\Purasawalkam_V.O.C_Nagar.png
Purasawalkam_V.O.C_Nagar,purasawalkam v.o.c nagar,2020,F:\images\2020\Purasawalkam_V.O.C_Nagar.png
Purasawalkam_V.O.C_Nagar,purasawalkam v.o.c nagar,2021,F:\images\2021\Purasawalkam_V.O.C_Nagar.png
Purasawalkam_V.O.C_Nagar,purasawalkam v.o.c nagar,2022,F:\images\2022\Purasawalkam_V.O.C_Nagar.png
Purasawalkam_V.O.C_Nagar,purasawalkam v.o.c nagar,2024,F:\images\2024\Purasawalkam_V.O.C_Nagar.png
Purasawalkam_V.O.C_Nagar,purasawalkam v.o.c nagar,2025,F:\images\2025\Purasawalkam_V.O.C_Nagar.png
Purasawalkam_Vepery,purasawalkam vepery,2014,F:\images\2014\Purasawalkam_Vepery.png
Purasawalkam_Vepery,purasawalkam vepery,2020,F:\images\2020\Purasawalkam_Vepery.png
Purasawalkam_Vepery,purasawalkam vepery,2021,F:\images\2021\Purasawalkam_Vepery.png
Purasawalkam_Vepery,purasawalkam vepery,2022,F:\images\2022\Purasawalkam_Vepery.png
Purasawalkam_Vepery,purasawalkam vepery,2024,F:\images\2024\Purasawalkam_Vepery.png
Purasawalkam_Vepery,purasawalkam vepery,2025,F:\images\2025\Purasawalkam_Vepery.png
Sholinganallur_Enjambakkam,sholinganallur enjambakkam,2014,F:\images\2014\Sholinganallur_Enjambakkam.png
Sholinganallur_Enjambakkam,sholinganallur enjambakkam,2020,F:\images\2020\Sholinganallur_Enjambakkam.png
Sholinganallur_Enjambakkam,sholinganallur enjambakkam,2021,F:\images\2021\Sholinganallur_Enjambakkam.png
Sholinganallur_Enjambakkam,sholinganallur enjambakkam,2022,F:\images\2022\Sholinganallur_Enjambakkam.png
Sholinganallur_Enjambakkam,sholinganallur enjambakkam,2024,F:\images\2024\Sholinganallur_Enjambakkam.png
Sholinganallur_Jaladampet,sholinganallur jaladampet,2014,F:\images\2014\Sholinganallur_Jaladampet.png
Sholinganallur_Jaladampet,sholinganallur jaladampet,2020,F:\images\2020\Sholinganallur_Jaladampet.png
Sholinganallur_Jaladampet,sholinganallur jaladampet,2021,F:\images\2021\Sholinganallur_Jaladampet.png
Sholinganallur_Jaladampet,sholinganallur jaladampet,2022,F:\images\2022\Sholinganallur_Jaladampet.png
Sholinganallur_Jaladampet,sholinganallur jaladampet,2024,F:\images\2024\Sholinganallur_Jaladampet.png
Sholinganallur_Karapakkam,sholinganallur karapakkam,2014,F:\images\2014\Sholinganallur_Karapakkam.png
Sholinganallur_Karapakkam,sholinganallur karapakkam,2020,F:\images\2020\Sholinganallur_Karapakkam.png
Sholinganallur_Karapakkam,sholinganallur karapakkam,2021,F:\images\2021\Sholinganallur_Karapakkam.png
Sholinganallur_Karapakkam,sholinganallur karapakkam,2022,F:\images\2022\Sholinganallur_Karapakkam.png
Sholinganallur_Karapakkam,sholinganallur karapakkam,2024,F:\images\2024\Sholinganallur_Karapakkam.png
Sholinganallur_Kottivakkam,sholinganallur kottivakkam,2014,F:\images\2014\Sholinganallur_Kottivakkam.png
Sholinganallur_Kottivakkam,sholinganallur kottivakkam,2020,F:\images\2020\Sholinganallur_Kottivakkam.png
Sholinganallur_Kottivakkam,sholinganallur kottivakkam,2021,F:\images\2021\Sholinganallur_Kottivakkam.png
Sholinganallur_Kottivakkam,sholinganallur kottivakkam,2022,F:\images\2022\Sholinganallur_Kottivakkam.png
Sholinganallur_Kottivakkam,sholinganallur kottivakkam,2024,F:\images\2024\Sholinganallur_Kottivakkam.png
Sholinganallur_Madipakkam‑I,sholinganallur madipakkam‑i,2014,F:\images\2014\Sholinganallur_Madipakkam‑I.png
Sholinganallur_Madipakkam‑I,sholinganallur madipakkam‑i,2020,F:\images\2020\Sholinganallur_Madipakkam‑I.png
Sholinganallur_Madipakkam‑I,sholinganallur madipakkam‑i,2021,F:\images\2021\Sholinganallur_Madipakkam‑I.png
Sholinganallur_Madipakkam‑I,sholinganallur madipakkam‑i,2022,F:\images\2022\Sholinganallur_Madipakkam‑I.png
Sholinganallur_Madipakkam‑I,sholinganallur madipakkam‑i,2024,F:\images\2024\Sholinganallur_Madipakkam‑I.png
Sholinganallur_Madipakkam‑II,sholinganallur madipakkam‑ii,2014,F:\images\2014\Sholinganallur_Madipakkam‑II.png
Sholinganallur_Madipakkam‑II,sholinganallur madipakkam‑ii,2020,F:\images\2020\Sholinganallur_Madipakkam‑II.png
Sholinganallur_Madipakkam‑II,sholinganallur madipakkam‑ii,2021,F:\images\2021\Sholinganallur_Madipakkam‑II.png
Sholinganallur_Madipakkam‑II,sholinganallur madipakkam‑ii,2022,F:\images\2022\Sholinganallur_Madipakkam‑II.png
Sholinganallur_Madipakkam‑II,sholinganallur madipakkam‑ii,2024,F:\images\2024\Sholinganallur_Madipakkam‑II.png
Sholinganallur_Neelangarai,sholinganallur neelangarai,2014,F:\images\2014\Sholinganallur_Neelangarai.png
Sholinganallur_Neelangarai,sholinganallur neelangarai,2020,F:\images\2020\Sholinganallur_Neelangarai.png
Sholinganallur_Neelangarai,sholinganallur neelangarai,2021,F:\images\2021\Sholinganallur_Neelangarai.png
Sholinganallur_Neelangarai,sholinganallur neelangarai,2022,F:\images\2022\Sholinganallur_Neelangarai.png
Sholinganallur_Neelangarai,sholinganallur neelangarai,2024,F:\images\2024\Sholinganallur_Neelangarai.png
Sholinganallur_Okkiyam_Thoraipakkam,sholinganallur okkiyam thoraipakkam,2014,F:\images\2014\Sholinganallur_Okkiyam_Thoraipakkam.png
Sholinganallur_Okkiyam_Thoraipakkam,sholinganallur okkiyam thoraipakkam,2020,F:\images\2020\Sholinganallur_Okkiyam_Thoraipakkam.png
Sholinganallur_Okkiyam_Thoraipakkam,sholinganallur okkiyam thoraipakkam,2021,F:\images\2021\Sholinganallur_Okkiyam_Thoraipakkam.png
Sholinganallur_Okkiyam_Thoraipakkam,sholinganallur okkiyam thoraipakkam,2022,F:\images\2022\Sholinganallur_Okkiyam_Thoraipakkam.png
Sholinganallur_Okkiyam_Thoraipakkam,sholinganallur okkiyam thoraipakkam,2024,F:\images\2024\Sholinganallur_Okkiyam_Thoraipakkam.png
Sholinganallur_Palavakkam,sholinganallur palavakkam,2014,F:\images\2014\Sholinganallur_Palavakkam.png
Sholinganallur_Palavakkam,sholinganallur palavakkam,2020,F:\images\2020\Sholinganallur_Palavakkam.png
Sholinganallur_Palavakkam,sholinganallur palavakkam,2021,F:\images\2021\Sholinganallur_Palavakkam.png
Sholinganallur_Palavakkam,sholinganallur palavakkam,2022,F:\images\2022\Sholinganallur_Palavakkam.png
Sholinganallur_Palavakkam,sholinganallur palavakkam,2024,F:\images\2024\Sholinganallur_Palavakkam.png
Sholinganallur_Pallikaranai,sholinganallur pallikaranai,2014,F:\images\2014\Sholinganallur_Pallikaranai.png
Sholinganallur_Pallikaranai,sholinganallur pallikaranai,2020,F:\images\2020\Sholinganallur_Pallikaranai.png
Sholinganallur_Pallikaranai,sholinganallur pallikaranai,2021,F:\images\2021\Sholinganallur_Pallikaranai.png
Sholinganallur_Pallikaranai,sholinganallur pallikaranai,2022,F:\images\2022\Sholinganallur_Pallikaranai.png
Sholinganallur_Pallikaranai,sholinganallur pallikaranai,2024,F:\images\2024\Sholinganallur_Pallikaranai.png
Sholinganallur_Perungudi,sholinganallur perungudi,2014,F:\images\2014\Sholinganallur_Perungudi.png
Sholinganallur_Perungudi,sholinganallur perungudi,2020,F:\images\2020\Sholinganallur_Perungudi.png
Sholinganallur_Perungudi,sholinganallur perungudi,2021,F:\images\2021\Sholinganallur_Perungudi.png
Sholinganallur_Perungudi,sholinganallur perungudi,2022,F:\images\2022\Sholinganallur_Perungudi.png
Sholinganallur_Perungudi,sholinganallur perungudi,2024,F:\images\2024\Sholinganallur_Perungudi.png
Sholinganallur_S.Kolathur,sholinganallur s.kolathur,2014,F:\images\2014\Sholinganallur_S.Kolathur.png
Sholinganallur_S.Kolathur,sholinganallur s.kolathur,2020,F:\images\2020\Sholinganallur_S.Kolathur.png
Sholinganallur_S.Kolathur,sholinganallur s.kolathur,2021,F:\images\2021\Sholinganallur_S.Kolathur.png
Sholinganallur_S.Kolathur,sholinganallur s.kolathur,2022,F:\images\2022\Sholinganallur_S.Kolathur.png
Sholinganallur_S.Kolathur,sholinganallur s.kolathur,2024,F:\images\2024\Sholinganallur_S.Kolathur.png
Sholinganallur_Seevaram,sholinganallur seevaram,2014,F:\images\2014\Sholinganallur_Seevaram.png
Sholinganallur_Seevaram,sholinganallur seevaram,2020,F:\images\2020\Sholinganallur_Seevaram.png
Sholinganallur_Seevaram,sholinganallur seevaram,2021,F:\images\2021\Sholinganallur_Seevaram.png
Sholinganallur_Seevaram,sholinganallur seevaram,2022,F:\images\2022\Sholinganallur_Seevaram.png
Sholinganallur_Seevaram,sholinganallur seevaram,2024,F:\images\2024\Sholinganallur_Seevaram.png
Sholinganallur_Semmancheri,sholinganallur semmancheri,2014,F:\images\2014\Sholinganallur_Semmancheri.png
Sholinganallur_Semmancheri,sholinganallur semmancheri,2020,F:\images\2020\Sholinganallur_Semmancheri.png
Sholinganallur_Semmancheri,sholinganallur semmancheri,2021,F:\images\2021\Sholinganallur_Semmancheri.png
Sholinganallur_Semmancheri,sholinganallur semmancheri,2022,F:\images\2022\Sholinganallur_Semmancheri.png
Sholinganallur_Semmancheri,sholinganallur semmancheri,2024,F:\images\2024\Sholinganallur_Semmancheri.png
Sholinganallur_Sholinganallur‑I,sholinganallur sholinganallur‑i,2014,F:\images\2014\Sholinganallur_Sholinganallur‑I.png
Sholinganallur_Sholinganallur‑I,sholinganallur sholinganallur‑i,2020,F:\images\2020\Sholinganallur_Sholinganallur‑I.png
Sholinganallur_Sholinganallur‑I,sholinganallur sholinganallur‑i,2021,F:\images\2021\Sholinganallur_Sholinganallur‑I.png
Sholinganallur_Sholinganallur‑I,sholinganallur sholinganallur‑i,2022,F:\images\2022\Sholinganallur_Sholinganallur‑I.png
Sholinganallur_Sholinganallur‑I,sholinganallur sholinganallur‑i,2024,F:\images\2024\Sholinganallur_Sholinganallur‑I.png
Sholinganallur_Sholinganallur‑II,sholinganallur sholinganallur‑ii,2014,F:\images\2014\Sholinganallur_Sholinganallur‑II.png
Sholinganallur_Sholinganallur‑II,sholinganallur sholinganallur‑ii,2020,F:\images\2020\Sholinganallur_Sholinganallur‑II.png
Sholinganallur_Sholinganallur‑II,sholinganallur sholinganallur‑ii,2021,F:\images\2021\Sholinganallur_Sholinganallur‑II.png
Sholinganallur_Sholinganallur‑II,sholinganallur sholinganallur‑ii,2022,F:\images\2022\Sholinganallur_Sholinganallur‑II.png
Sholinganallur_Sholinganallur‑II,sholinganallur sholinganallur‑ii,2024,F:\images\2024\Sholinganallur_Sholinganallur‑II.png
Sholinganallur_Ullagaram,sholinganallur ullagaram,2014,F:\images\2014\Sholinganallur_Ullagaram.png
Sholinganallur_Ullagaram,sholinganallur ullagaram,2020,F:\images\2020\Sholinganallur_Ullagaram.png
Sholinganallur_Ullagaram,sholinganallur ullagaram,2021,F:\images\2021\Sholinganallur_Ullagaram.png
Sholinganallur_Ullagaram,sholinganallur ullagaram,2022,F:\images\2022\Sholinganallur_Ullagaram.png
Sholinganallur_Ullagaram,sholinganallur ullagaram,2024,F:\images\2024\Sholinganallur_Ullagaram.png
Sholinganallur_Uthandi,sholinganallur uthandi,2014,F:\images\2014\Sholinganallur_Uthandi.png
Sholinganallur_Uthandi,sholinganallur uthandi,2020,F:\images\2020\Sholinganallur_Uthandi.png
Sholinganallur_Uthandi,sholinganallur uthandi,2021,F:\images\2021\Sholinganallur_Uthandi.png
Sholinganallur_Uthandi,sholinganallur uthandi,2022,F:\images\2022\Sholinganallur_Uthandi.png
Sholinganallur_Uthandi,sholinganallur uthandi,2024,F:\images\2024\Sholinganallur_Uthandi.png
Tiruvottiyur_Aamullaivayal,tiruvottiyur aamullaivayal,2014,F:\images\2014\Tiruvottiyur_Aamullaivayal.png
Tiruvottiyur_Aamullaivayal,tiruvottiyur aamullaivayal,2020,F:\images\2020\Tiruvottiyur_Aamullaivayal.png
Tiruvottiyur_Aamullaivayal,tiruvottiyur aamullaivayal,2021,F:\images\2021\Tiruvottiyur_Aamullaivayal.png
Tiruvottiyur_Aamullaivayal,tiruvottiyur aamullaivayal,2022,F:\images\2022\Tiruvottiyur_Aamullaivayal.png
Tiruvottiyur_Aamullaivayal,tiruvottiyur aamullaivayal,2024,F:\images\2024\Tiruvottiyur_Aamullaivayal.png
Tiruvottiyur_Aamullaivayal,tiruvottiyur aamullaivayal,2025,F:\images\2025\Tiruvottiyur_Aamullaivayal.png
Tiruvottiyur_Ariyalur,tiruvottiyur ariyalur,2014,F:\images\2014\Tiruvottiyur_Ariyalur.png
Tiruvottiyur_Ariyalur,tiruvottiyur ariyalur,2020,F:\images\2020\Tiruvottiyur_Ariyalur.png
Tiruvottiyur_Ariyalur,tiruvottiyur ariyalur,2021,F:\images\2021\Tiruvottiyur_Ariyalur.png
Tiruvottiyur_Ariyalur,tiruvottiyur ariyalur,2022,F:\images\2022\Tiruvottiyur_Ariyalur.png
Tiruvottiyur_Ariyalur,tiruvottiyur ariyalur,2024,F:\images\2024\Tiruvottiyur_Ariyalur.png
Tiruvottiyur_Ariyalur,tiruvottiyur ariyalur,2025,F:\images\2025\Tiruvottiyur_Ariyalur.png
Tiruvottiyur_Ariyalur - Copy,tiruvottiyur ariyalur - copy,2014,F:\images\2014\Tiruvottiyur_Ariyalur - Copy.png
Tiruvottiyur_Chinna_Sekkadu,tiruvottiyur chinna sekkadu,2014,F:\images\2014\Tiruvottiyur_Chinna_Sekkadu.png
Tiruvottiyur_Chinna_Sekkadu,tiruvottiyur chinna sekkadu,2020,F:\images\2020\Tiruvottiyur_Chinna_Sekkadu.png
Tiruvottiyur_Chinna_Sekkadu,tiruvottiyur chinna sekkadu,2021,F:\images\2021\Tiruvottiyur_Chinna_Sekkadu.png
Tiruvottiyur_Chinna_Sekkadu,tiruvottiyur chinna sekkadu,2022,F:\images\2022\Tiruvottiyur_Chinna_Sekkadu.png
Tiruvottiyur_Chinna_Sekkadu,tiruvottiyur chinna sekkadu,2024,F:\images\2024\Tiruvottiyur_Chinna_Sekkadu.png
Tiruvottiyur_Chinna_Sekkadu,tiruvottiyur chinna sekkadu,2025,F:\images\2025\Tiruvottiyur_Chinna_Sekkadu.png
Tiruvottiyur_Chinna_Sekkadu - Copy,tiruvottiyur chinna sekkadu - copy,2014,F:\images\2014\Tiruvottiyur_Chinna_Sekkadu - Copy.png
Tiruvottiyur_Edayanchavadi‑I,tiruvottiyur edayanchavadi‑i,2014,F:\images\2014\Tiruvottiyur_Edayanchavadi‑I.png
Tiruvottiyur_Edayanchavadi‑I,tiruvottiyur edayanchavadi‑i,2020,F:\images\2020\Tiruvottiyur_Edayanchavadi‑I.png
Tiruvottiyur_Edayanchavadi‑I,tiruvottiyur edayanchavadi‑i,2021,F:\images\2021\Tiruvottiyur_Edayanchavadi‑I.png
Tiruvottiyur_Edayanchavadi‑I,tiruvottiyur edayanchavadi‑i,2022,F:\images\2022\Tiruvottiyur_Edayanchavadi‑I.png
Tiruvottiyur_Edayanchavadi‑I,tiruvottiyur edayanchavadi‑i,2024,F:\images\2024\Tiruvottiyur_Edayanchavadi‑I.png
Tiruvottiyur_Edayanchavadi‑I,tiruvottiyur edayanchavadi‑i,2025,F:\images\2025\Tiruvottiyur_Edayanchavadi‑I.png
Tiruvottiyur_Edayanchavadi‑II,tiruvottiyur edayanchavadi‑ii,2014,F:\images\2014\Tiruvottiyur_Edayanchavadi‑II.png
Tiruvottiyur_Edayanchavadi‑II,tiruvottiyur edayanchavadi‑ii,2020,F:\images\2020\Tiruvottiyur_Edayanchavadi‑II.png
Tiruvottiyur_Edayanchavadi‑II,tiruvottiyur edayanchavadi‑ii,2021,F:\images\2021\Tiruvottiyur_Edayanchavadi‑II.png
Tiruvottiyur_Edayanchavadi‑II,tiruvottiyur edayanchavadi‑ii,2022,F:\images\2022\Tiruvottiyur_Edayanchavadi‑II.png
Tiruvottiyur_Edayanchavadi‑II,tiruvottiyur edayanchavadi‑ii,2024,F:\images\2024\Tiruvottiyur_Edayanchavadi‑II.png
Tiruvottiyur_Edayanchavadi‑II,tiruvottiyur edayanchavadi‑ii,2025,F:\images\2025\Tiruvottiyur_Edayanchavadi‑II.png
Tiruvottiyur_Elandancherry,tiruvottiyur elandancherry,2014,F:\images\2014\Tiruvottiyur_Elandancherry.png
Tiruvottiyur_Elandancherry,tiruvottiyur elandancherry,2020,F:\images\2020\Tiruvottiyur_Elandancherry.png
Tiruvottiyur_Elandancherry,tiruvottiyur elandancherry,2021,F:\images\2021\Tiruvottiyur_Elandancherry.png
Tiruvottiyur_Elandancherry,tiruvottiyur elandancherry,2022,F:\images\2022\Tiruvottiyur_Elandancherry.png
Tiruvottiyur_Elandancherry,tiruvottiyur elandancherry,2024,F:\images\2024\Tiruvottiyur_Elandancherry.png
Tiruvottiyur_Elandancherry,tiruvottiyur elandancherry,2025,F:\images\2025\Tiruvottiyur_Elandancherry.png
Tiruvottiyur_Ernavoor,tiruvottiyur ernavoor,2014,F:\images\2014\Tiruvottiyur_Ernavoor.png
Tiruvottiyur_Ernavoor,tiruvottiyur ernavoor,2020,F:\images\2020\Tiruvottiyur_Ernavoor.png
Tiruvottiyur_Ernavoor,tiruvottiyur ernavoor,2021,F:\images\2021\Tiruvottiyur_Ernavoor.png
Tiruvottiyur_Ernavoor,tiruvottiyur ernavoor,2022,F:\images\2022\Tiruvottiyur_Ernavoor.png
Tiruvottiyur_Ernavoor,tiruvottiyur ernavoor,2024,F:\images\2024\Tiruvottiyur_Ernavoor.png
Tiruvottiyur_Ernavoor,tiruvottiyur ernavoor,2025,F:\images\2025\Tiruvottiyur_Ernavoor.png
Tiruvottiyur_Kadapakkam,tiruvottiyur kadapakkam,2014,F:\images\2014\Tiruvottiyur_Kadapakkam.png
Tiruvottiyur_Kadapakkam,tiruvottiyur kadapakkam,2020,F:\images\2020\Tiruvottiyur_Kadapakkam.png
Tiruvottiyur_Kadapakkam,tiruvottiyur kadapakkam,2021,F:\images\2021\Tiruvottiyur_Kadapakkam.png
Tiruvottiyur_Kadapakkam,tiruvottiyur kadapakkam,2022,F:\images\2022\Tiruvottiyur_Kadapakkam.png
Tiruvottiyur_Kadapakkam,tiruvottiyur kadapakkam,2024,F:\images\2024\Tiruvottiyur_Kadapakkam.png
Tiruvottiyur_Kadapakkam,tiruvottiyur kadapakkam,2025,F:\images\2025\Tiruvottiyur_Kadapakkam.png
Tiruvottiyur_Kathivakkam,tiruvottiyur kathivakkam,2014,F:\images\2014\Tiruvottiyur_Kathivakkam.png
Tiruvottiyur_Kathivakkam,tiruvottiyur kathivakkam,2020,F:\images\2020\Tiruvottiyur_Kathivakkam.png
Tiruvottiyur_Kathivakkam,tiruvottiyur kathivakkam,2021,F:\images\2021\Tiruvottiyur_Kathivakkam.png
Tiruvottiyur_Kathivakkam,tiruvottiyur kathivakkam,2022,F:\images\2022\Tiruvottiyur_Kathivakkam.png
Tiruvottiyur_Kathivakkam,tiruvottiyur kathivakkam,2024,F:\images\2024\Tiruvottiyur_Kathivakkam.png
Tiruvottiyur_Kathivakkam,tiruvottiyur kathivakkam,2025,F:\images\2025\Tiruvottiyur_Kathivakkam.png
Tiruvottiyur_Manali,tiruvottiyur manali,2014,F:\images\2014\Tiruvottiyur_Manali.png
Tiruvottiyur_Manali,tiruvottiyur manali,2020,F:\images\2020\Tiruvottiyur_Manali.png
Tiruvottiyur_Manali,tiruvottiyur manali,2021,F:\images\2021\Tiruvottiyur_Manali.png
Tiruvottiyur_Manali,tiruvottiyur manali,2022,F:\images\2022\Tiruvottiyur_Manali.png
Tiruvottiyur_Manali,tiruvottiyur manali,2024,F:\images\2024\Tiruvottiyur_Manali.png
Tiruvottiyur_Manali,tiruvottiyur manali,2025,F:\images\2025\Tiruvottiyur_Manali.png
Tiruvottiyur_Sadayankuppam,tiruvottiyur sadayankuppam,2014,F:\images\2014\Tiruvottiyur_Sadayankuppam.png
Tiruvottiyur_Sadayankuppam,tiruvottiyur sadayankuppam,2020,F:\images\2020\Tiruvottiyur_Sadayankuppam.png
Tiruvottiyur_Sadayankuppam,tiruvottiyur sadayankuppam,2021,F:\images\2021\Tiruvottiyur_Sadayankuppam.png
Tiruvottiyur_Sadayankuppam,tiruvottiyur sadayankuppam,2022,F:\images\2022\Tiruvottiyur_Sadayankuppam.png
Tiruvottiyur_Sadayankuppam,tiruvottiyur sadayankuppam,2024,F:\images\2024\Tiruvottiyur_Sadayankuppam.png
Tiruvottiyur_Sadayankuppam,tiruvottiyur sadayankuppam,2025,F:\images\2025\Tiruvottiyur_Sadayankuppam.png
Tiruvottiyur_Sathangadu,tiruvottiyur sathangadu,2014,F:\images\2014\Tiruvottiyur_Sathangadu.png
Tiruvottiyur_Sathangadu,tiruvottiyur sathangadu,2020,F:\images\2020\Tiruvottiyur_Sathangadu.png
Tiruvottiyur_Sathangadu,tiruvottiyur sathangadu,2021,F:\images\2021\Tiruvottiyur_Sathangadu.png
Tiruvottiyur_Sathangadu,tiruvottiyur sathangadu,2022,F:\images\2022\Tiruvottiyur_Sathangadu.png
Tiruvottiyur_Sathangadu,tiruvottiyur sathangadu,2024,F:\images\2024\Tiruvottiyur_Sathangadu.png
Tiruvottiyur_Sathangadu,tiruvottiyur sathangadu,2025,F:\images\2025\Tiruvottiyur_Sathangadu.png
Tiruvottiyur_Theyambakkam,tiruvottiyur theyambakkam,2014,F:\images\2014\Tiruvottiyur_Theyambakkam.png
Tiruvottiyur_Theyambakkam,tiruvottiyur theyambakkam,2020,F:\images\2020\Tiruvottiyur_Theyambakkam.png
Tiruvottiyur_Theyambakkam,tiruvottiyur theyambakkam,2021,F:\images\2021\Tiruvottiyur_Theyambakkam.png
Tiruvottiyur_Theyambakkam,tiruvottiyur theyambakkam,2022,F:\images\2022\Tiruvottiyur_Theyambakkam.png
Tiruvottiyur_Theyambakkam,tiruvottiyur theyambakkam,2024,F:\images\2024\Tiruvottiyur_Theyambakkam.png
Tiruvottiyur_Theyambakkam,tiruvottiyur theyambakkam,2025,F:\images\2025\Tiruvottiyur_Theyambakkam.png
Tiruvottiyur_Tiruvottiyur‑1,tiruvottiyur tiruvottiyur‑1,2014,F:\images\2014\Tiruvottiyur_Tiruvottiyur‑1.png
Tiruvottiyur_Tiruvottiyur‑1,tiruvottiyur tiruvottiyur‑1,2020,F:\images\2020\Tiruvottiyur_Tiruvottiyur‑1.png
Tiruvottiyur_Tiruvottiyur‑1,tiruvottiyur tiruvottiyur‑1,2021,F:\images\2021\Tiruvottiyur_Tiruvottiyur‑1.png
Tiruvottiyur_Tiruvottiyur‑1,tiruvottiyur tiruvottiyur‑1,2022,F:\images\2022\Tiruvottiyur_Tiruvottiyur‑1.png
Tiruvottiyur_Tiruvottiyur‑1,tiruvottiyur tiruvottiyur‑1,2024,F:\images\2024\Tiruvottiyur_Tiruvottiyur‑1.png
Tiruvottiyur_Tiruvottiyur‑1,tiruvottiyur tiruvottiyur‑1,2025,F:\images\2025\Tiruvottiyur_Tiruvottiyur‑1.png
Tiruvottiyur_Tiruvottiyur‑2,tiruvottiyur tiruvottiyur‑2,2014,F:\images\2014\Tiruvottiyur_Tiruvottiyur‑2.png
Tiruvottiyur_Tiruvottiyur‑2,tiruvottiyur tiruvottiyur‑2,2020,F:\images\2020\Tiruvottiyur_Tiruvottiyur‑2.png
Tiruvottiyur_Tiruvottiyur‑2,tiruvottiyur tiruvottiyur‑2,2021,F:\images\2021\Tiruvottiyur_Tiruvottiyur‑2.png
Tiruvottiyur_Tiruvottiyur‑2,tiruvottiyur tiruvottiyur‑2,2022,F:\images\2022\Tiruvottiyur_Tiruvottiyur‑2.png
Tiruvottiyur_Tiruvottiyur‑2,tiruvottiyur tiruvottiyur‑2,2024,F:\images\2024\Tiruvottiyur_Tiruvottiyur‑2.png
Tiruvottiyur_Tiruvottiyur‑2,tiruvottiyur tiruvottiyur‑2,2025,F:\images\2025\Tiruvottiyur_Tiruvottiyur‑2.png
Tiruvottiyur_Vaikkadu,tiruvottiyur vaikkadu,2014,F:\images\2014\Tiruvottiyur_Vaikkadu.png
Tiruvottiyur_Vaikkadu,tiruvottiyur vaikkadu,2020,F:\images\2020\Tiruvottiyur_Vaikkadu.png
Tiruvottiyur_Vaikkadu,tiruvottiyur vaikkadu,2021,F:\images\2021\Tiruvottiyur_Vaikkadu.png
Tiruvottiyur_Vaikkadu,tiruvottiyur vaikkadu,2022,F:\images\2022\Tiruvottiyur_Vaikkadu.png
Tiruvottiyur_Vaikkadu,tiruvottiyur vaikkadu,2024,F:\images\2024\Tiruvottiyur_Vaikkadu.png
Tiruvottiyur_Vaikkadu,tiruvottiyur vaikkadu,2025,F:\images\2025\Tiruvottiyur_Vaikkadu.png
Tondiarpet_Tondiarpet_(Part_I),tondiarpet tondiarpet (part i),2014,F:\images\2014\Tondiarpet_Tondiarpet_(Part_I).png
Tondiarpet_Tondiarpet_(Part_I),tondiarpet tondiarpet (part i),2020,F:\images\2020\Tondiarpet_Tondiarpet_(Part_I).png
Tondiarpet_Tondiarpet_(Part_I),tondiarpet tondiarpet (part i),2021,F:\images\2021\Tondiarpet_Tondiarpet_(Part_I).png
Tondiarpet_Tondiarpet_(Part_I),tondiarpet tondiarpet (part i),2022,F:\images\2022\Tondiarpet_Tondiarpet_(Part_I).png
Tondiarpet_Tondiarpet_(Part_I),tondiarpet tondiarpet (part i),2024,F:\images\2024\Tondiarpet_Tondiarpet_(Part_I).png
Tondiarpet_Tondiarpet_(Part_I),tondiarpet tondiarpet (part i),2025,F:\images\2025\Tondiarpet_Tondiarpet_(Part_I).png
Tondiarpet_Tondiarpet_(Part_II),tondiarpet tondiarpet (part ii),2014,F:\images\2014\Tondiarpet_Tondiarpet_(Part_II).png
Tondiarpet_Tondiarpet_(Part_II),tondiarpet tondiarpet (part ii),2020,F:\images\2020\Tondiarpet_Tondiarpet_(Part_II).png
Tondiarpet_Tondiarpet_(Part_II),tondiarpet tondiarpet (part ii),2021,F:\images\2021\Tondiarpet_Tondiarpet_(Part_II).png
Tondiarpet_Tondiarpet_(Part_II),tondiarpet tondiarpet (part ii),2022,F:\images\2022\Tondiarpet_Tondiarpet_(Part_II).png
Tondiarpet_Tondiarpet_(Part_II),tondiarpet tondiarpet (part ii),2024,F:\images\2024\Tondiarpet_Tondiarpet_(Part_II).png
Tondiarpet_Tondiarpet_(Part_II),tondiarpet tondiarpet (part ii),2025,F:\images\2025\Tondiarpet_Tondiarpet_(Part_II).png
Tondiarpet_Tondiarpet_(Part_III),tondiarpet tondiarpet (part iii),2014,F:\images\2014\Tondiarpet_Tondiarpet_(Part_III).png
Tondiarpet_Tondiarpet_(Part_III),tondiarpet tondiarpet (part iii),2020,F:\images\2020\Tondiarpet_Tondiarpet_(Part_III).png
Tondiarpet_Tondiarpet_(Part_III),tondiarpet tondiarpet (part iii),2021,F:\images\2021\Tondiarpet_Tondiarpet_(Part_III).png
Tondiarpet_Tondiarpet_(Part_III),tondiarpet tondiarpet (part iii),2022,F:\images\2022\Tondiarpet_Tondiarpet_(Part_III).png
Tondiarpet_Tondiarpet_(Part_III),tondiarpet tondiarpet (part iii),2024,F:\images\2024\Tondiarpet_Tondiarpet_(Part_III).png
Tondiarpet_Tondiarpet_(Part_III),tondiarpet tondiarpet (part iii),2025,F:\images\2025\Tondiarpet_Tondiarpet_(Part_III).png
Tondiarpet_Tondiarpet_(Part_IV),tondiarpet tondiarpet (part iv),2014,F:\images\2014\Tondiarpet_Tondiarpet_(Part_IV).png
Tondiarpet_Tondiarpet_(Part_IV),tondiarpet tondiarpet (part iv),2020,F:\images\2020\Tondiarpet_Tondiarpet_(Part_IV).png
Tondiarpet_Tondiarpet_(Part_IV),tondiarpet tondiarpet (part iv),2021,F:\images\2021\Tondiarpet_Tondiarpet_(Part_IV).png
Tondiarpet_Tondiarpet_(Part_IV),tondiarpet tondiarpet (part iv),2022,F:\images\2022\Tondiarpet_Tondiarpet_(Part_IV).png
Tondiarpet_Tondiarpet_(Part_IV),tondiarpet tondiarpet (part iv),2024,F:\images\2024\Tondiarpet_Tondiarpet_(Part_IV).png
Tondiarpet_Tondiarpet_(Part_IV),tondiarpet tondiarpet (part iv),2025,F:\images\2025\Tondiarpet_Tondiarpet_(Part_IV).png
Velachery_Kalikundram,velachery kalikundram,2014,F:\images\2014\Velachery_Kalikundram.png
Velachery_Kalikundram,velachery kalikundram,2020,F:\images\2020\Velachery_Kalikundram.png
Velachery_Kalikundram,velachery kalikundram,2021,F:\images\2021\Velachery_Kalikundram.png
Velachery_Kalikundram,velachery kalikundram,2022,F:\images\2022\Velachery_Kalikundram.png
Velachery_Kalikundram,velachery kalikundram,2024,F:\images\2024\Velachery_Kalikundram.png
Velachery_Kalikundram,velachery kalikundram,2025,F:\images\2025\Velachery_Kalikundram.png
Velachery_Kanagam,velachery kanagam,2014,F:\images\2014\Velachery_Kanagam.png
Velachery_Kanagam,velachery kanagam,2020,F:\images\2020\Velachery_Kanagam.png
Velachery_Kanagam,velachery kanagam,2021,F:\images\2021\Velachery_Kanagam.png
Velachery_Kanagam,velachery kanagam,2022,F:\images\2022\Velachery_Kanagam.png
Velachery_Kanagam,velachery kanagam,2024,F:\images\2024\Velachery_Kanagam.png
Velachery_Kanagam,velachery kanagam,2025,F:\images\2025\Velachery_Kanagam.png
Velachery_Pallipattu,velachery pallipattu,2014,F:\images\2014\Velachery_Pallipattu.png
Velachery_Pallipattu,velachery pallipattu,2020,F:\images\2020\Velachery_Pallipattu.png
Velachery_Pallipattu,velachery pallipattu,2021,F:\images\2021\Velachery_Pallipattu.png
Velachery_Pallipattu,velachery pallipattu,2022,F:\images\2022\Velachery_Pallipattu.png
Velachery_Pallipattu,velachery pallipattu,2024,F:\images\2024\Velachery_Pallipattu.png
Velachery_Pallipattu,velachery pallipattu,2025,F:\images\2025\Velachery_Pallipattu.png
Velachery_Taramani,velachery taramani,2014,F:\images\2014\Velachery_Taramani.png
Velachery_Taramani,velachery taramani,2020,F:\images\2020\Velachery_Taramani.png
Velachery_Taramani,velachery taramani,2021,F:\images\2021\Velachery_Taramani.png
Velachery_Taramani,velachery taramani,2022,F:\images\2022\Velachery_Taramani.png
Velachery_Taramani,velachery taramani,2024,F:\images\2024\Velachery_Taramani.png
Velachery_Taramani,velachery taramani,2025,F:\images\2025\Velachery_Taramani.png
Velachery_Thiruvanmiyur,velachery thiruvanmiyur,2014,F:\images\2014\Velachery_Thiruvanmiyur.png
Velachery_Thiruvanmiyur,velachery thiruvanmiyur,2020,F:\images\2020\Velachery_Thiruvanmiyur.png
Velachery_Thiruvanmiyur,velachery thiruvanmiyur,2021,F:\images\2021\Velachery_Thiruvanmiyur.png
Velachery_Thiruvanmiyur,velachery thiruvanmiyur,2022,F:\images\2022\Velachery_Thiruvanmiyur.png
Velachery_Thiruvanmiyur,velachery thiruvanmiyur,2024,F:\images\2024\Velachery_Thiruvanmiyur.png
Velachery_Thiruvanmiyur,velachery thiruvanmiyur,2025,F:\images\2025\Velachery_Thiruvanmiyur.png
Velachery_Urur,velachery urur,2014,F:\images\2014\Velachery_Urur.png
Velachery_Urur,velachery urur,2020,F:\images\2020\Velachery_Urur.png
Velachery_Urur,velachery urur,2021,F:\images\2021\Velachery_Urur.png
Velachery_Urur,velachery urur,2022,F:\images\2022\Velachery_Urur.png
Velachery_Urur,velachery urur,2024,F:\images\2024\Velachery_Urur.png
Velachery_Urur,velachery urur,2025,F:\images\2025\Velachery_Urur.png
Velachery_Velachery_(Part_I),velachery velachery (part i),2014,F:\images\2014\Velachery_Velachery_(Part_I).png
Velachery_Velachery_(Part_I),velachery velachery (part i),2020,F:\images\2020\Velachery_Velachery_(Part_I).png
Velachery_Velachery_(Part_I),velachery velachery (part i),2021,F:\images\2021\Velachery_Velachery_(Part_I).png
Velachery_Velachery_(Part_I),velachery velachery (part i),2022,F:\images\2022\Velachery_Velachery_(Part_I).png
Velachery_Velachery_(Part_I),velachery velachery (part i),2024,F:\images\2024\Velachery_Velachery_(Part_I).png
Velachery_Velachery_(Part_I),velachery velachery (part i),2025,F:\images\2025\Velachery_Velachery_(Part_I).png
Velachery_Velachery_(Part_II),velachery velachery (part ii),2014,F:\images\2014\Velachery_Velachery_(Part_II).png
Velachery_Velachery_(Part_II),velachery velachery (part ii),2020,F:\images\2020\Velachery_Velachery_(Part_II).png
Velachery_Velachery_(Part_II),velachery velachery (part ii),2021,F:\images\2021\Velachery_Velachery_(Part_II).png
Velachery_Velachery_(Part_II),velachery velachery (part ii),2022,F:\images\2022\Velachery_Velachery_(Part_II).png
Velachery_Velachery_(Part_II),velachery velachery (part ii),2024,F:\images\2024\Velachery_Velachery_(Part_II).png
Velachery_Velachery_(Part_II),velachery velachery (part ii),2025,F:\images\2025\Velachery_Velachery_(Part_II).png
